date,hits,keyword
2023-04-11T10:00:00Z,15,Blackpink
2023-04-11T11:00:00Z,14,Blackpink
2023-04-11T12:00:00Z,13,Blackpink
2023-04-11T13:00:00Z,14,Blackpink
2023-04-11T14:00:00Z,14,Blackpink
2023-04-11T15:00:00Z,13,Blackpink
2023-04-11T16:00:00Z,11,Blackpink
2023-04-11T17:00:00Z,8,Blackpink
2023-04-11T18:00:00Z,10,Blackpink
2023-04-11T19:00:00Z,9,Blackpink
2023-04-11T20:00:00Z,8,Blackpink
2023-04-11T21:00:00Z,9,Blackpink
2023-04-11T22:00:00Z,8,Blackpink
2023-04-11T23:00:00Z,11,Blackpink
2023-04-12T00:00:00Z,11,Blackpink
2023-04-12T01:00:00Z,13,Blackpink
2023-04-12T02:00:00Z,14,Blackpink
2023-04-12T03:00:00Z,13,Blackpink
2023-04-12T04:00:00Z,14,Blackpink
2023-04-12T05:00:00Z,17,Blackpink
2023-04-12T06:00:00Z,15,Blackpink
2023-04-12T07:00:00Z,12,Blackpink
2023-04-12T08:00:00Z,13,Blackpink
2023-04-12T09:00:00Z,13,Blackpink
2023-04-12T10:00:00Z,13,Blackpink
2023-04-12T11:00:00Z,11,Blackpink
2023-04-12T12:00:00Z,14,Blackpink
2023-04-12T13:00:00Z,15,Blackpink
2023-04-12T14:00:00Z,15,Blackpink
2023-04-12T15:00:00Z,14,Blackpink
2023-04-12T16:00:00Z,12,Blackpink
2023-04-12T17:00:00Z,10,Blackpink
2023-04-12T18:00:00Z,10,Blackpink
2023-04-12T19:00:00Z,8,Blackpink
2023-04-12T20:00:00Z,11,Blackpink
2023-04-12T21:00:00Z,6,Blackpink
2023-04-12T22:00:00Z,9,Blackpink
2023-04-12T23:00:00Z,14,Blackpink
2023-04-13T00:00:00Z,12,Blackpink
2023-04-13T01:00:00Z,12,Blackpink
2023-04-13T02:00:00Z,12,Blackpink
2023-04-13T03:00:00Z,13,Blackpink
2023-04-13T04:00:00Z,15,Blackpink
2023-04-13T05:00:00Z,15,Blackpink
2023-04-13T06:00:00Z,15,Blackpink
2023-04-13T07:00:00Z,12,Blackpink
2023-04-13T08:00:00Z,14,Blackpink
2023-04-13T09:00:00Z,15,Blackpink
2023-04-13T10:00:00Z,13,Blackpink
2023-04-13T11:00:00Z,14,Blackpink
2023-04-13T12:00:00Z,14,Blackpink
2023-04-13T13:00:00Z,15,Blackpink
2023-04-13T14:00:00Z,13,Blackpink
2023-04-13T15:00:00Z,12,Blackpink
2023-04-13T16:00:00Z,13,Blackpink
2023-04-13T17:00:00Z,9,Blackpink
2023-04-13T18:00:00Z,8,Blackpink
2023-04-13T19:00:00Z,8,Blackpink
2023-04-13T20:00:00Z,6,Blackpink
2023-04-13T21:00:00Z,10,Blackpink
2023-04-13T22:00:00Z,10,Blackpink
2023-04-13T23:00:00Z,11,Blackpink
2023-04-14T00:00:00Z,16,Blackpink
2023-04-14T01:00:00Z,13,Blackpink
2023-04-14T02:00:00Z,18,Blackpink
2023-04-14T03:00:00Z,16,Blackpink
2023-04-14T04:00:00Z,18,Blackpink
2023-04-14T05:00:00Z,20,Blackpink
2023-04-14T06:00:00Z,16,Blackpink
2023-04-14T07:00:00Z,14,Blackpink
2023-04-14T08:00:00Z,14,Blackpink
2023-04-14T09:00:00Z,14,Blackpink
2023-04-14T10:00:00Z,14,Blackpink
2023-04-14T11:00:00Z,14,Blackpink
2023-04-14T12:00:00Z,14,Blackpink
2023-04-14T13:00:00Z,14,Blackpink
2023-04-14T14:00:00Z,16,Blackpink
2023-04-14T15:00:00Z,13,Blackpink
2023-04-14T16:00:00Z,13,Blackpink
2023-04-14T17:00:00Z,10,Blackpink
2023-04-14T18:00:00Z,12,Blackpink
2023-04-14T19:00:00Z,9,Blackpink
2023-04-14T20:00:00Z,11,Blackpink
2023-04-14T21:00:00Z,12,Blackpink
2023-04-14T22:00:00Z,12,Blackpink
2023-04-14T23:00:00Z,22,Blackpink
2023-04-15T00:00:00Z,24,Blackpink
2023-04-15T01:00:00Z,21,Blackpink
2023-04-15T02:00:00Z,24,Blackpink
2023-04-15T03:00:00Z,26,Blackpink
2023-04-15T04:00:00Z,29,Blackpink
2023-04-15T05:00:00Z,27,Blackpink
2023-04-15T06:00:00Z,22,Blackpink
2023-04-15T07:00:00Z,22,Blackpink
2023-04-15T08:00:00Z,20,Blackpink
2023-04-15T09:00:00Z,18,Blackpink
2023-04-15T10:00:00Z,18,Blackpink
2023-04-15T11:00:00Z,19,Blackpink
2023-04-15T12:00:00Z,21,Blackpink
2023-04-15T13:00:00Z,19,Blackpink
2023-04-15T14:00:00Z,16,Blackpink
2023-04-15T15:00:00Z,17,Blackpink
2023-04-15T16:00:00Z,18,Blackpink
2023-04-15T17:00:00Z,17,Blackpink
2023-04-15T18:00:00Z,15,Blackpink
2023-04-15T19:00:00Z,14,Blackpink
2023-04-15T20:00:00Z,14,Blackpink
2023-04-15T21:00:00Z,18,Blackpink
2023-04-15T22:00:00Z,19,Blackpink
2023-04-15T23:00:00Z,15,Blackpink
2023-04-16T00:00:00Z,26,Blackpink
2023-04-16T01:00:00Z,27,Blackpink
2023-04-16T02:00:00Z,35,Blackpink
2023-04-16T03:00:00Z,47,Blackpink
2023-04-16T04:00:00Z,100,Blackpink
2023-04-16T05:00:00Z,91,Blackpink
2023-04-16T06:00:00Z,57,Blackpink
2023-04-16T07:00:00Z,40,Blackpink
2023-04-16T08:00:00Z,36,Blackpink
2023-04-16T09:00:00Z,30,Blackpink
2023-04-16T10:00:00Z,31,Blackpink
2023-04-16T11:00:00Z,24,Blackpink
2023-04-16T12:00:00Z,23,Blackpink
2023-04-16T13:00:00Z,27,Blackpink
2023-04-16T14:00:00Z,28,Blackpink
2023-04-16T15:00:00Z,30,Blackpink
2023-04-16T16:00:00Z,28,Blackpink
2023-04-16T17:00:00Z,25,Blackpink
2023-04-16T18:00:00Z,23,Blackpink
2023-04-16T19:00:00Z,20,Blackpink
2023-04-16T20:00:00Z,24,Blackpink
2023-04-16T21:00:00Z,22,Blackpink
2023-04-16T22:00:00Z,22,Blackpink
2023-04-16T23:00:00Z,20,Blackpink
2023-04-17T00:00:00Z,26,Blackpink
2023-04-17T01:00:00Z,27,Blackpink
2023-04-17T02:00:00Z,30,Blackpink
2023-04-17T03:00:00Z,34,Blackpink
2023-04-17T04:00:00Z,31,Blackpink
2023-04-17T05:00:00Z,26,Blackpink
2023-04-17T06:00:00Z,24,Blackpink
2023-04-17T07:00:00Z,26,Blackpink
2023-04-17T08:00:00Z,22,Blackpink
2023-04-17T09:00:00Z,25,Blackpink
2023-04-17T10:00:00Z,19,Blackpink
2023-04-17T11:00:00Z,26,Blackpink
2023-04-17T12:00:00Z,28,Blackpink
2023-04-17T13:00:00Z,28,Blackpink
2023-04-17T14:00:00Z,25,Blackpink
2023-04-17T15:00:00Z,27,Blackpink
2023-04-17T16:00:00Z,21,Blackpink
2023-04-17T17:00:00Z,21,Blackpink
2023-04-17T18:00:00Z,21,Blackpink
2023-04-17T19:00:00Z,20,Blackpink
2023-04-17T20:00:00Z,16,Blackpink
2023-04-17T21:00:00Z,18,Blackpink
2023-04-17T22:00:00Z,25,Blackpink
2023-04-17T23:00:00Z,19,Blackpink
2023-04-18T00:00:00Z,25,Blackpink
2023-04-18T01:00:00Z,27,Blackpink
2023-04-18T02:00:00Z,26,Blackpink
2023-04-18T03:00:00Z,28,Blackpink
2023-04-18T04:00:00Z,28,Blackpink
2023-04-18T05:00:00Z,26,Blackpink
2023-04-18T06:00:00Z,26,Blackpink
2023-04-18T07:00:00Z,21,Blackpink
2023-04-18T08:00:00Z,23,Blackpink
2023-04-18T09:00:00Z,24,Blackpink
2023-04-18T10:00:00Z,21,Blackpink
2023-04-18T11:00:00Z,20,Blackpink
2023-04-18T12:00:00Z,19,Blackpink
2023-04-18T13:00:00Z,24,Blackpink
2023-04-18T14:00:00Z,25,Blackpink
2023-04-18T15:00:00Z,22,Blackpink
2023-04-18T16:00:00Z,19,Blackpink
2023-04-18T17:00:00Z,19,Blackpink
2023-04-18T18:00:00Z,18,Blackpink
2023-04-18T19:00:00Z,17,Blackpink
2023-04-18T20:00:00Z,16,Blackpink
2023-04-18T21:00:00Z,18,Blackpink
2023-04-18T22:00:00Z,19,Blackpink
2023-04-18T23:00:00Z,21,Blackpink
2023-04-19T00:00:00Z,23,Blackpink
2023-04-19T01:00:00Z,26,Blackpink
2023-04-19T02:00:00Z,28,Blackpink
2023-04-19T03:00:00Z,33,Blackpink
2023-04-19T04:00:00Z,33,Blackpink
2023-04-19T05:00:00Z,34,Blackpink
2023-04-19T06:00:00Z,31,Blackpink
2023-04-19T07:00:00Z,27,Blackpink
2023-04-19T08:00:00Z,26,Blackpink
2023-04-19T09:00:00Z,22,Blackpink
2023-04-19T10:00:00Z,24,Blackpink
2023-04-19T11:00:00Z,24,Blackpink
2023-04-19T12:00:00Z,26,Blackpink
2023-04-19T13:00:00Z,27,Blackpink
2023-04-19T14:00:00Z,26,Blackpink
2023-04-19T15:00:00Z,25,Blackpink
2023-04-19T16:00:00Z,22,Blackpink
2023-04-19T17:00:00Z,16,Blackpink
2023-04-19T18:00:00Z,20,Blackpink
2023-04-19T19:00:00Z,16,Blackpink
2023-04-19T20:00:00Z,20,Blackpink
2023-04-19T21:00:00Z,22,Blackpink
2023-04-19T22:00:00Z,16,Blackpink
2023-04-19T23:00:00Z,22,Blackpink
2023-04-20T00:00:00Z,22,Blackpink
2023-04-20T01:00:00Z,20,Blackpink
2023-04-20T02:00:00Z,27,Blackpink
2023-04-20T03:00:00Z,29,Blackpink
2023-04-20T04:00:00Z,26,Blackpink
2023-04-20T05:00:00Z,24,Blackpink
2023-04-20T06:00:00Z,27,Blackpink
2023-04-20T07:00:00Z,22,Blackpink
2023-04-20T08:00:00Z,24,Blackpink
2023-04-20T09:00:00Z,25,Blackpink
2023-04-20T10:00:00Z,22,Blackpink
2023-04-20T11:00:00Z,20,Blackpink
2023-04-20T12:00:00Z,19,Blackpink
2023-04-20T13:00:00Z,20,Blackpink
2023-04-20T14:00:00Z,21,Blackpink
2023-04-20T15:00:00Z,19,Blackpink
2023-04-20T16:00:00Z,15,Blackpink
2023-04-20T17:00:00Z,18,Blackpink
2023-04-20T18:00:00Z,16,Blackpink
2023-04-20T19:00:00Z,18,Blackpink
2023-04-20T20:00:00Z,14,Blackpink
2023-04-20T21:00:00Z,16,Blackpink
2023-04-20T22:00:00Z,18,Blackpink
2023-04-20T23:00:00Z,19,Blackpink
2023-04-21T00:00:00Z,20,Blackpink
2023-04-21T01:00:00Z,23,Blackpink
2023-04-21T02:00:00Z,27,Blackpink
2023-04-21T03:00:00Z,24,Blackpink
2023-04-21T04:00:00Z,26,Blackpink
2023-04-21T05:00:00Z,26,Blackpink
2023-04-21T06:00:00Z,18,Blackpink
2023-04-21T07:00:00Z,18,Blackpink
2023-04-21T08:00:00Z,19,Blackpink
2023-04-21T09:00:00Z,20,Blackpink
2023-04-21T10:00:00Z,20,Blackpink
2023-04-21T11:00:00Z,22,Blackpink
2023-04-21T12:00:00Z,19,Blackpink
2023-04-21T13:00:00Z,21,Blackpink
2023-04-21T14:00:00Z,23,Blackpink
2023-04-21T15:00:00Z,21,Blackpink
2023-04-21T16:00:00Z,21,Blackpink
2023-04-21T17:00:00Z,18,Blackpink
2023-04-21T18:00:00Z,18,Blackpink
2023-04-21T19:00:00Z,15,Blackpink
2023-04-21T20:00:00Z,16,Blackpink
2023-04-21T21:00:00Z,14,Blackpink
2023-04-21T22:00:00Z,18,Blackpink
2023-04-21T23:00:00Z,22,Blackpink
2023-04-22T00:00:00Z,23,Blackpink
2023-04-22T01:00:00Z,25,Blackpink
2023-04-22T02:00:00Z,30,Blackpink
2023-04-22T03:00:00Z,34,Blackpink
2023-04-22T04:00:00Z,39,Blackpink
2023-04-22T05:00:00Z,39,Blackpink
2023-04-22T06:00:00Z,25,Blackpink
2023-04-22T07:00:00Z,29,Blackpink
2023-04-22T08:00:00Z,26,Blackpink
2023-04-22T09:00:00Z,26,Blackpink
2023-04-22T10:00:00Z,24,Blackpink
2023-04-22T11:00:00Z,24,Blackpink
2023-04-22T12:00:00Z,21,Blackpink
2023-04-22T13:00:00Z,25,Blackpink
2023-04-22T14:00:00Z,24,Blackpink
2023-04-22T15:00:00Z,23,Blackpink
2023-04-22T16:00:00Z,23,Blackpink
2023-04-22T17:00:00Z,18,Blackpink
2023-04-22T18:00:00Z,19,Blackpink
2023-04-22T19:00:00Z,21,Blackpink
2023-04-22T20:00:00Z,19,Blackpink
2023-04-22T21:00:00Z,17,Blackpink
2023-04-22T22:00:00Z,18,Blackpink
2023-04-22T23:00:00Z,21,Blackpink
2023-04-23T00:00:00Z,25,Blackpink
2023-04-23T01:00:00Z,30,Blackpink
2023-04-23T02:00:00Z,37,Blackpink
2023-04-23T03:00:00Z,40,Blackpink
2023-04-23T04:00:00Z,71,Blackpink
2023-04-23T05:00:00Z,100,Blackpink
2023-04-23T06:00:00Z,63,Blackpink
2023-04-23T07:00:00Z,43,Blackpink
2023-04-23T08:00:00Z,35,Blackpink
2023-04-23T09:00:00Z,32,Blackpink
2023-04-23T10:00:00Z,30,Blackpink
2023-04-23T11:00:00Z,35,Blackpink
2023-04-23T12:00:00Z,31,Blackpink
2023-04-23T13:00:00Z,33,Blackpink
2023-04-23T14:00:00Z,28,Blackpink
2023-04-23T15:00:00Z,26,Blackpink
2023-04-23T16:00:00Z,26,Blackpink
2023-04-23T17:00:00Z,24,Blackpink
2023-04-23T18:00:00Z,21,Blackpink
2023-04-23T19:00:00Z,17,Blackpink
2023-04-23T20:00:00Z,20,Blackpink
2023-04-23T21:00:00Z,20,Blackpink
2023-04-23T22:00:00Z,26,Blackpink
2023-04-23T23:00:00Z,26,Blackpink
2023-04-24T00:00:00Z,32,Blackpink
2023-04-24T01:00:00Z,27,Blackpink
2023-04-24T02:00:00Z,32,Blackpink
2023-04-24T03:00:00Z,33,Blackpink
2023-04-24T04:00:00Z,34,Blackpink
2023-04-24T05:00:00Z,30,Blackpink
2023-04-24T06:00:00Z,28,Blackpink
2023-04-24T07:00:00Z,24,Blackpink
2023-04-24T08:00:00Z,19,Blackpink
2023-04-24T09:00:00Z,22,Blackpink
2023-04-24T10:00:00Z,22,Blackpink
2023-04-24T11:00:00Z,46,Blackpink
2023-04-24T12:00:00Z,49,Blackpink
2023-04-24T13:00:00Z,54,Blackpink
2023-04-24T14:00:00Z,52,Blackpink
2023-04-24T15:00:00Z,50,Blackpink
2023-04-24T16:00:00Z,51,Blackpink
2023-04-24T17:00:00Z,40,Blackpink
2023-04-24T18:00:00Z,38,Blackpink
2023-04-24T19:00:00Z,34,Blackpink
2023-04-24T20:00:00Z,32,Blackpink
2023-04-24T21:00:00Z,37,Blackpink
2023-04-24T22:00:00Z,39,Blackpink
2023-04-24T23:00:00Z,46,Blackpink
2023-04-25T00:00:00Z,51,Blackpink
2023-04-25T01:00:00Z,57,Blackpink
2023-04-25T02:00:00Z,59,Blackpink
2023-04-25T03:00:00Z,67,Blackpink
2023-04-25T04:00:00Z,57,Blackpink
2023-04-25T05:00:00Z,56,Blackpink
2023-04-25T06:00:00Z,47,Blackpink
2023-04-25T07:00:00Z,41,Blackpink
2023-04-25T08:00:00Z,42,Blackpink
2023-04-25T09:00:00Z,41,Blackpink
2023-04-25T10:00:00Z,41,Blackpink
2023-04-25T11:00:00Z,44,Blackpink
2023-04-25T12:00:00Z,47,Blackpink
2023-04-25T13:00:00Z,46,Blackpink
2023-04-25T14:00:00Z,46,Blackpink
2023-04-25T15:00:00Z,44,Blackpink
2023-04-25T16:00:00Z,41,Blackpink
2023-04-25T17:00:00Z,38,Blackpink
2023-04-25T18:00:00Z,34,Blackpink
2023-04-25T19:00:00Z,32,Blackpink
2023-04-25T20:00:00Z,34,Blackpink
2023-04-25T21:00:00Z,35,Blackpink
2023-04-25T22:00:00Z,40,Blackpink
2023-04-25T23:00:00Z,49,Blackpink
2023-04-26T00:00:00Z,57,Blackpink
2023-04-26T01:00:00Z,60,Blackpink
2023-04-26T02:00:00Z,63,Blackpink
2023-04-26T03:00:00Z,68,Blackpink
2023-04-26T04:00:00Z,67,Blackpink
2023-04-26T05:00:00Z,64,Blackpink
2023-04-26T06:00:00Z,48,Blackpink
2023-04-26T07:00:00Z,46,Blackpink
2023-04-26T08:00:00Z,42,Blackpink
2023-04-26T09:00:00Z,43,Blackpink
2023-04-26T10:00:00Z,44,Blackpink
2023-04-26T11:00:00Z,44,Blackpink
2023-04-26T12:00:00Z,47,Blackpink
2023-04-26T13:00:00Z,49,Blackpink
2023-04-26T14:00:00Z,53,Blackpink
2023-04-26T15:00:00Z,50,Blackpink
2023-04-26T16:00:00Z,52,Blackpink
2023-04-26T17:00:00Z,59,Blackpink
2023-04-26T18:00:00Z,50,Blackpink
2023-04-26T19:00:00Z,52,Blackpink
2023-04-26T20:00:00Z,47,Blackpink
2023-04-26T21:00:00Z,55,Blackpink
2023-04-26T22:00:00Z,64,Blackpink
2023-04-26T23:00:00Z,69,Blackpink
2023-04-27T00:00:00Z,74,Blackpink
2023-04-27T01:00:00Z,81,Blackpink
2023-04-27T02:00:00Z,87,Blackpink
2023-04-27T03:00:00Z,100,Blackpink
2023-04-27T04:00:00Z,81,Blackpink
2023-04-27T05:00:00Z,70,Blackpink
2023-04-27T06:00:00Z,57,Blackpink
2023-04-27T07:00:00Z,51,Blackpink
2023-04-27T08:00:00Z,46,Blackpink
2023-04-27T09:00:00Z,46,Blackpink
2023-04-27T10:00:00Z,47,Blackpink
2023-04-27T11:00:00Z,44,Blackpink
2023-04-27T12:00:00Z,49,Blackpink
2023-04-27T13:00:00Z,53,Blackpink
2023-04-27T14:00:00Z,56,Blackpink
2023-04-27T15:00:00Z,56,Blackpink
2023-04-27T16:00:00Z,48,Blackpink
2023-04-27T17:00:00Z,45,Blackpink
2023-04-27T18:00:00Z,47,Blackpink
2023-04-27T19:00:00Z,51,Blackpink
2023-04-27T20:00:00Z,50,Blackpink
2023-04-27T21:00:00Z,50,Blackpink
2023-04-27T22:00:00Z,56,Blackpink
2023-04-27T23:00:00Z,60,Blackpink
2023-04-28T00:00:00Z,63,Blackpink
2023-04-28T01:00:00Z,66,Blackpink
2023-04-28T02:00:00Z,72,Blackpink
2023-04-28T03:00:00Z,83,Blackpink
2023-04-28T04:00:00Z,75,Blackpink
2023-04-28T05:00:00Z,65,Blackpink
2023-04-28T06:00:00Z,53,Blackpink
2023-04-28T07:00:00Z,50,Blackpink
2023-04-28T08:00:00Z,44,Blackpink
2023-04-28T09:00:00Z,42,Blackpink
2023-04-28T10:00:00Z,44,Blackpink
2023-04-28T11:00:00Z,45,Blackpink
2023-04-28T12:00:00Z,47,Blackpink
2023-04-28T13:00:00Z,48,Blackpink
2023-04-28T14:00:00Z,52,Blackpink
2023-04-28T15:00:00Z,51,Blackpink
2023-04-28T16:00:00Z,48,Blackpink
2023-04-28T17:00:00Z,49,Blackpink
2023-04-28T18:00:00Z,51,Blackpink
2023-04-28T19:00:00Z,41,Blackpink
2023-04-28T20:00:00Z,41,Blackpink
2023-04-28T21:00:00Z,42,Blackpink
2023-04-28T22:00:00Z,45,Blackpink
2023-04-28T23:00:00Z,54,Blackpink
2023-04-29T00:00:00Z,56,Blackpink
2023-04-29T01:00:00Z,68,Blackpink
2023-04-29T02:00:00Z,67,Blackpink
2023-04-29T03:00:00Z,71,Blackpink
2023-04-29T04:00:00Z,74,Blackpink
2023-04-29T05:00:00Z,69,Blackpink
2023-04-29T06:00:00Z,63,Blackpink
2023-04-29T07:00:00Z,59,Blackpink
2023-04-29T08:00:00Z,60,Blackpink
2023-04-29T09:00:00Z,55,Blackpink
2023-04-29T10:00:00Z,56,Blackpink
2023-04-29T11:00:00Z,51,Blackpink
2023-04-29T12:00:00Z,53,Blackpink
2023-04-29T13:00:00Z,53,Blackpink
2023-04-29T14:00:00Z,54,Blackpink
2023-04-29T15:00:00Z,51,Blackpink
2023-04-29T16:00:00Z,48,Blackpink
2023-04-29T17:00:00Z,45,Blackpink
2023-04-29T18:00:00Z,42,Blackpink
2023-04-29T19:00:00Z,40,Blackpink
2023-04-29T20:00:00Z,38,Blackpink
2023-04-29T21:00:00Z,37,Blackpink
2023-04-29T22:00:00Z,37,Blackpink
2023-04-29T23:00:00Z,43,Blackpink
2023-04-30T00:00:00Z,48,Blackpink
2023-04-30T01:00:00Z,55,Blackpink
2023-04-30T02:00:00Z,59,Blackpink
2023-04-30T03:00:00Z,69,Blackpink
2023-04-30T04:00:00Z,70,Blackpink
2023-04-30T05:00:00Z,70,Blackpink
2023-04-30T06:00:00Z,64,Blackpink
2023-04-30T07:00:00Z,59,Blackpink
2023-04-30T08:00:00Z,59,Blackpink
2023-04-30T09:00:00Z,55,Blackpink
2023-04-30T10:00:00Z,54,Blackpink
2023-04-30T11:00:00Z,53,Blackpink
2023-04-30T12:00:00Z,53,Blackpink
2023-04-30T13:00:00Z,48,Blackpink
2023-04-30T14:00:00Z,49,Blackpink
2023-04-30T15:00:00Z,46,Blackpink
2023-04-30T16:00:00Z,42,Blackpink
2023-04-30T17:00:00Z,40,Blackpink
2023-04-30T18:00:00Z,40,Blackpink
2023-04-30T19:00:00Z,36,Blackpink
2023-04-30T20:00:00Z,32,Blackpink
2023-04-30T21:00:00Z,30,Blackpink
2023-04-30T22:00:00Z,33,Blackpink
2023-04-30T23:00:00Z,38,Blackpink
2023-05-01T00:00:00Z,40,Blackpink
2023-05-01T01:00:00Z,55,Blackpink
2023-05-01T02:00:00Z,56,Blackpink
2023-05-01T03:00:00Z,65,Blackpink
2023-05-01T04:00:00Z,65,Blackpink
2023-05-01T05:00:00Z,65,Blackpink
2023-05-01T06:00:00Z,56,Blackpink
2023-05-01T07:00:00Z,51,Blackpink
2023-05-01T08:00:00Z,50,Blackpink
2023-05-01T09:00:00Z,54,Blackpink
2023-05-01T10:00:00Z,52,Blackpink
2022-05-08T00:00:00Z,21,MrBeast
2022-05-15T00:00:00Z,20,MrBeast
2022-05-22T00:00:00Z,20,MrBeast
2022-05-29T00:00:00Z,19,MrBeast
2022-06-05T00:00:00Z,25,MrBeast
2022-06-12T00:00:00Z,21,MrBeast
2022-06-19T00:00:00Z,21,MrBeast
2022-06-26T00:00:00Z,24,MrBeast
2022-07-03T00:00:00Z,26,MrBeast
2022-07-10T00:00:00Z,25,MrBeast
2022-07-17T00:00:00Z,23,MrBeast
2022-07-24T00:00:00Z,29,MrBeast
2022-07-31T00:00:00Z,33,MrBeast
2022-08-07T00:00:00Z,40,MrBeast
2022-08-14T00:00:00Z,24,MrBeast
2022-08-21T00:00:00Z,23,MrBeast
2022-08-28T00:00:00Z,20,MrBeast
2022-09-04T00:00:00Z,28,MrBeast
2022-09-11T00:00:00Z,23,MrBeast
2022-09-18T00:00:00Z,18,MrBeast
2022-09-25T00:00:00Z,24,MrBeast
2022-10-02T00:00:00Z,24,MrBeast
2022-10-09T00:00:00Z,19,MrBeast
2022-10-16T00:00:00Z,18,MrBeast
2022-10-23T00:00:00Z,27,MrBeast
2022-10-30T00:00:00Z,22,MrBeast
2022-11-06T00:00:00Z,23,MrBeast
2022-11-13T00:00:00Z,27,MrBeast
2022-11-20T00:00:00Z,20,MrBeast
2022-11-27T00:00:00Z,19,MrBeast
2022-12-04T00:00:00Z,25,MrBeast
2022-12-11T00:00:00Z,37,MrBeast
2022-12-18T00:00:00Z,29,MrBeast
2022-12-25T00:00:00Z,28,MrBeast
2023-01-01T00:00:00Z,30,MrBeast
2023-01-08T00:00:00Z,30,MrBeast
2023-01-15T00:00:00Z,25,MrBeast
2023-01-22T00:00:00Z,24,MrBeast
2023-01-29T00:00:00Z,49,MrBeast
2023-02-05T00:00:00Z,29,MrBeast
2023-02-12T00:00:00Z,27,MrBeast
2023-02-19T00:00:00Z,25,MrBeast
2023-02-26T00:00:00Z,22,MrBeast
2023-03-05T00:00:00Z,25,MrBeast
2023-03-12T00:00:00Z,21,MrBeast
2023-03-19T00:00:00Z,22,MrBeast
2023-03-26T00:00:00Z,22,MrBeast
2023-04-02T00:00:00Z,31,MrBeast
2023-04-09T00:00:00Z,100,MrBeast
2023-04-16T00:00:00Z,49,MrBeast
2023-04-23T00:00:00Z,32,MrBeast
2023-04-30T00:00:00Z,32,MrBeast
2022-05-08T00:00:00Z,100,fresh
2022-05-15T00:00:00Z,84,fresh
2022-05-22T00:00:00Z,74,fresh
2022-05-29T00:00:00Z,76,fresh
2022-06-05T00:00:00Z,87,fresh
2022-06-12T00:00:00Z,70,fresh
2022-06-19T00:00:00Z,80,fresh
2022-06-26T00:00:00Z,66,fresh
2022-07-03T00:00:00Z,72,fresh
2022-07-10T00:00:00Z,82,fresh
2022-07-17T00:00:00Z,72,fresh
2022-07-24T00:00:00Z,67,fresh
2022-07-31T00:00:00Z,61,fresh
2022-08-07T00:00:00Z,66,fresh
2022-08-14T00:00:00Z,66,fresh
2022-08-21T00:00:00Z,69,fresh
2022-08-28T00:00:00Z,66,fresh
2022-09-04T00:00:00Z,60,fresh
2022-09-11T00:00:00Z,62,fresh
2022-09-18T00:00:00Z,70,fresh
2022-09-25T00:00:00Z,72,fresh
2022-10-02T00:00:00Z,76,fresh
2022-10-09T00:00:00Z,73,fresh
2022-10-16T00:00:00Z,72,fresh
2022-10-23T00:00:00Z,71,fresh
2022-10-30T00:00:00Z,62,fresh
2022-11-06T00:00:00Z,64,fresh
2022-11-13T00:00:00Z,53,fresh
2022-11-20T00:00:00Z,61,fresh
2022-11-27T00:00:00Z,57,fresh
2022-12-04T00:00:00Z,66,fresh
2022-12-11T00:00:00Z,90,fresh
2022-12-18T00:00:00Z,93,fresh
2022-12-25T00:00:00Z,69,fresh
2023-01-01T00:00:00Z,71,fresh
2023-01-08T00:00:00Z,65,fresh
2023-01-15T00:00:00Z,61,fresh
2023-01-22T00:00:00Z,58,fresh
2023-01-29T00:00:00Z,55,fresh
2023-02-05T00:00:00Z,62,fresh
2023-02-12T00:00:00Z,54,fresh
2023-02-19T00:00:00Z,55,fresh
2023-02-26T00:00:00Z,60,fresh
2023-03-05T00:00:00Z,66,fresh
2023-03-12T00:00:00Z,59,fresh
2023-03-19T00:00:00Z,52,fresh
2023-03-26T00:00:00Z,64,fresh
2023-04-02T00:00:00Z,58,fresh
2023-04-09T00:00:00Z,54,fresh
2023-04-16T00:00:00Z,58,fresh
2023-04-23T00:00:00Z,58,fresh
2023-04-30T00:00:00Z,45,fresh
2022-05-08T00:00:00Z,74,lachlan
2022-05-15T00:00:00Z,77,lachlan
2022-05-22T00:00:00Z,79,lachlan
2022-05-29T00:00:00Z,81,lachlan
2022-06-05T00:00:00Z,100,lachlan
2022-06-12T00:00:00Z,69,lachlan
2022-06-19T00:00:00Z,70,lachlan
2022-06-26T00:00:00Z,68,lachlan
2022-07-03T00:00:00Z,71,lachlan
2022-07-10T00:00:00Z,60,lachlan
2022-07-17T00:00:00Z,67,lachlan
2022-07-24T00:00:00Z,51,lachlan
2022-07-31T00:00:00Z,61,lachlan
2022-08-07T00:00:00Z,58,lachlan
2022-08-14T00:00:00Z,61,lachlan
2022-08-21T00:00:00Z,48,lachlan
2022-08-28T00:00:00Z,48,lachlan
2022-09-04T00:00:00Z,51,lachlan
2022-09-11T00:00:00Z,52,lachlan
2022-09-18T00:00:00Z,95,lachlan
2022-09-25T00:00:00Z,60,lachlan
2022-10-02T00:00:00Z,55,lachlan
2022-10-09T00:00:00Z,53,lachlan
2022-10-16T00:00:00Z,44,lachlan
2022-10-23T00:00:00Z,39,lachlan
2022-10-30T00:00:00Z,53,lachlan
2022-11-06T00:00:00Z,50,lachlan
2022-11-13T00:00:00Z,51,lachlan
2022-11-20T00:00:00Z,31,lachlan
2022-11-27T00:00:00Z,59,lachlan
2022-12-04T00:00:00Z,88,lachlan
2022-12-11T00:00:00Z,67,lachlan
2022-12-18T00:00:00Z,59,lachlan
2022-12-25T00:00:00Z,57,lachlan
2023-01-01T00:00:00Z,47,lachlan
2023-01-08T00:00:00Z,43,lachlan
2023-01-15T00:00:00Z,39,lachlan
2023-01-22T00:00:00Z,42,lachlan
2023-01-29T00:00:00Z,33,lachlan
2023-02-05T00:00:00Z,29,lachlan
2023-02-12T00:00:00Z,36,lachlan
2023-02-19T00:00:00Z,31,lachlan
2023-02-26T00:00:00Z,29,lachlan
2023-03-05T00:00:00Z,44,lachlan
2023-03-12T00:00:00Z,31,lachlan
2023-03-19T00:00:00Z,36,lachlan
2023-03-26T00:00:00Z,34,lachlan
2023-04-02T00:00:00Z,25,lachlan
2023-04-09T00:00:00Z,33,lachlan
2023-04-16T00:00:00Z,32,lachlan
2023-04-23T00:00:00Z,27,lachlan
2023-04-30T00:00:00Z,36,lachlan
2022-05-08T00:00:00Z,59,loserfruit
2022-05-15T00:00:00Z,76,loserfruit
2022-05-22T00:00:00Z,45,loserfruit
2022-05-29T00:00:00Z,44,loserfruit
2022-06-05T00:00:00Z,77,loserfruit
2022-06-12T00:00:00Z,37,loserfruit
2022-06-19T00:00:00Z,41,loserfruit
2022-06-26T00:00:00Z,36,loserfruit
2022-07-03T00:00:00Z,59,loserfruit
2022-07-10T00:00:00Z,100,loserfruit
2022-07-17T00:00:00Z,56,loserfruit
2022-07-24T00:00:00Z,48,loserfruit
2022-07-31T00:00:00Z,48,loserfruit
2022-08-07T00:00:00Z,33,loserfruit
2022-08-14T00:00:00Z,27,loserfruit
2022-08-21T00:00:00Z,36,loserfruit
2022-08-28T00:00:00Z,26,loserfruit
2022-09-04T00:00:00Z,30,loserfruit
2022-09-11T00:00:00Z,41,loserfruit
2022-09-18T00:00:00Z,31,loserfruit
2022-09-25T00:00:00Z,21,loserfruit
2022-10-02T00:00:00Z,58,loserfruit
2022-10-09T00:00:00Z,56,loserfruit
2022-10-16T00:00:00Z,26,loserfruit
2022-10-23T00:00:00Z,0,loserfruit
2022-10-30T00:00:00Z,59,loserfruit
2022-11-06T00:00:00Z,31,loserfruit
2022-11-13T00:00:00Z,35,loserfruit
2022-11-20T00:00:00Z,56,loserfruit
2022-11-27T00:00:00Z,40,loserfruit
2022-12-04T00:00:00Z,33,loserfruit
2022-12-11T00:00:00Z,53,loserfruit
2022-12-18T00:00:00Z,65,loserfruit
2022-12-25T00:00:00Z,36,loserfruit
2023-01-01T00:00:00Z,58,loserfruit
2023-01-08T00:00:00Z,64,loserfruit
2023-01-15T00:00:00Z,79,loserfruit
2023-01-22T00:00:00Z,40,loserfruit
2023-01-29T00:00:00Z,51,loserfruit
2023-02-05T00:00:00Z,60,loserfruit
2023-02-12T00:00:00Z,64,loserfruit
2023-02-19T00:00:00Z,36,loserfruit
2023-02-26T00:00:00Z,54,loserfruit
2023-03-05T00:00:00Z,69,loserfruit
2023-03-12T00:00:00Z,21,loserfruit
2023-03-19T00:00:00Z,58,loserfruit
2023-03-26T00:00:00Z,53,loserfruit
2023-04-02T00:00:00Z,40,loserfruit
2023-04-09T00:00:00Z,52,loserfruit
2023-04-16T00:00:00Z,48,loserfruit
2023-04-23T00:00:00Z,40,loserfruit
2023-04-30T00:00:00Z,75,loserfruit
2022-05-08T00:00:00Z,57,5SOS
2022-05-15T00:00:00Z,58,5SOS
2022-05-22T00:00:00Z,48,5SOS
2022-05-29T00:00:00Z,40,5SOS
2022-06-05T00:00:00Z,47,5SOS
2022-06-12T00:00:00Z,36,5SOS
2022-06-19T00:00:00Z,44,5SOS
2022-06-26T00:00:00Z,47,5SOS
2022-07-03T00:00:00Z,31,5SOS
2022-07-10T00:00:00Z,53,5SOS
2022-07-17T00:00:00Z,37,5SOS
2022-07-24T00:00:00Z,31,5SOS
2022-07-31T00:00:00Z,22,5SOS
2022-08-07T00:00:00Z,30,5SOS
2022-08-14T00:00:00Z,24,5SOS
2022-08-21T00:00:00Z,37,5SOS
2022-08-28T00:00:00Z,22,5SOS
2022-09-04T00:00:00Z,29,5SOS
2022-09-11T00:00:00Z,20,5SOS
2022-09-18T00:00:00Z,43,5SOS
2022-09-25T00:00:00Z,73,5SOS
2022-10-02T00:00:00Z,65,5SOS
2022-10-09T00:00:00Z,46,5SOS
2022-10-16T00:00:00Z,45,5SOS
2022-10-23T00:00:00Z,34,5SOS
2022-10-30T00:00:00Z,34,5SOS
2022-11-06T00:00:00Z,35,5SOS
2022-11-13T00:00:00Z,26,5SOS
2022-11-20T00:00:00Z,36,5SOS
2022-11-27T00:00:00Z,54,5SOS
2022-12-04T00:00:00Z,100,5SOS
2022-12-11T00:00:00Z,72,5SOS
2022-12-18T00:00:00Z,46,5SOS
2022-12-25T00:00:00Z,41,5SOS
2023-01-01T00:00:00Z,52,5SOS
2023-01-08T00:00:00Z,34,5SOS
2023-01-15T00:00:00Z,33,5SOS
2023-01-22T00:00:00Z,34,5SOS
2023-01-29T00:00:00Z,29,5SOS
2023-02-05T00:00:00Z,27,5SOS
2023-02-12T00:00:00Z,20,5SOS
2023-02-19T00:00:00Z,26,5SOS
2023-02-26T00:00:00Z,35,5SOS
2023-03-05T00:00:00Z,16,5SOS
2023-03-12T00:00:00Z,26,5SOS
2023-03-19T00:00:00Z,13,5SOS
2023-03-26T00:00:00Z,22,5SOS
2023-04-02T00:00:00Z,25,5SOS
2023-04-09T00:00:00Z,29,5SOS
2023-04-16T00:00:00Z,33,5SOS
2023-04-23T00:00:00Z,30,5SOS
2023-04-30T00:00:00Z,20,5SOS
2022-05-08T00:00:00Z,88,Lazarbeam
2022-05-15T00:00:00Z,83,Lazarbeam
2022-05-22T00:00:00Z,72,Lazarbeam
2022-05-29T00:00:00Z,88,Lazarbeam
2022-06-05T00:00:00Z,100,Lazarbeam
2022-06-12T00:00:00Z,76,Lazarbeam
2022-06-19T00:00:00Z,70,Lazarbeam
2022-06-26T00:00:00Z,88,Lazarbeam
2022-07-03T00:00:00Z,96,Lazarbeam
2022-07-10T00:00:00Z,92,Lazarbeam
2022-07-17T00:00:00Z,71,Lazarbeam
2022-07-24T00:00:00Z,60,Lazarbeam
2022-07-31T00:00:00Z,63,Lazarbeam
2022-08-07T00:00:00Z,71,Lazarbeam
2022-08-14T00:00:00Z,69,Lazarbeam
2022-08-21T00:00:00Z,53,Lazarbeam
2022-08-28T00:00:00Z,59,Lazarbeam
2022-09-04T00:00:00Z,66,Lazarbeam
2022-09-11T00:00:00Z,71,Lazarbeam
2022-09-18T00:00:00Z,85,Lazarbeam
2022-09-25T00:00:00Z,88,Lazarbeam
2022-10-02T00:00:00Z,74,Lazarbeam
2022-10-09T00:00:00Z,67,Lazarbeam
2022-10-16T00:00:00Z,62,Lazarbeam
2022-10-23T00:00:00Z,55,Lazarbeam
2022-10-30T00:00:00Z,56,Lazarbeam
2022-11-06T00:00:00Z,56,Lazarbeam
2022-11-13T00:00:00Z,59,Lazarbeam
2022-11-20T00:00:00Z,49,Lazarbeam
2022-11-27T00:00:00Z,72,Lazarbeam
2022-12-04T00:00:00Z,77,Lazarbeam
2022-12-11T00:00:00Z,59,Lazarbeam
2022-12-18T00:00:00Z,69,Lazarbeam
2022-12-25T00:00:00Z,58,Lazarbeam
2023-01-01T00:00:00Z,68,Lazarbeam
2023-01-08T00:00:00Z,56,Lazarbeam
2023-01-15T00:00:00Z,51,Lazarbeam
2023-01-22T00:00:00Z,58,Lazarbeam
2023-01-29T00:00:00Z,51,Lazarbeam
2023-02-05T00:00:00Z,39,Lazarbeam
2023-02-12T00:00:00Z,35,Lazarbeam
2023-02-19T00:00:00Z,36,Lazarbeam
2023-02-26T00:00:00Z,57,Lazarbeam
2023-03-05T00:00:00Z,51,Lazarbeam
2023-03-12T00:00:00Z,45,Lazarbeam
2023-03-19T00:00:00Z,42,Lazarbeam
2023-03-26T00:00:00Z,48,Lazarbeam
2023-04-02T00:00:00Z,41,Lazarbeam
2023-04-09T00:00:00Z,51,Lazarbeam
2023-04-16T00:00:00Z,51,Lazarbeam
2023-04-23T00:00:00Z,51,Lazarbeam
2023-04-30T00:00:00Z,26,Lazarbeam
2023-02-05T00:00:00Z,49,ChatGPT
2023-02-06T00:00:00Z,63,ChatGPT
2023-02-07T00:00:00Z,70,ChatGPT
2023-02-08T00:00:00Z,70,ChatGPT
2023-02-09T00:00:00Z,72,ChatGPT
2023-02-10T00:00:00Z,63,ChatGPT
2023-02-11T00:00:00Z,55,ChatGPT
2023-02-12T00:00:00Z,56,ChatGPT
2023-02-13T00:00:00Z,67,ChatGPT
2023-02-14T00:00:00Z,65,ChatGPT
2023-02-15T00:00:00Z,67,ChatGPT
2023-02-16T00:00:00Z,68,ChatGPT
2023-02-17T00:00:00Z,62,ChatGPT
2023-02-18T00:00:00Z,56,ChatGPT
2023-02-19T00:00:00Z,58,ChatGPT
2023-02-20T00:00:00Z,65,ChatGPT
2023-02-21T00:00:00Z,73,ChatGPT
2023-02-22T00:00:00Z,66,ChatGPT
2023-02-23T00:00:00Z,69,ChatGPT
2023-02-24T00:00:00Z,61,ChatGPT
2023-02-25T00:00:00Z,49,ChatGPT
2023-02-26T00:00:00Z,51,ChatGPT
2023-02-27T00:00:00Z,75,ChatGPT
2023-02-28T00:00:00Z,67,ChatGPT
2023-03-01T00:00:00Z,67,ChatGPT
2023-03-02T00:00:00Z,64,ChatGPT
2023-03-03T00:00:00Z,58,ChatGPT
2023-03-04T00:00:00Z,49,ChatGPT
2023-03-05T00:00:00Z,46,ChatGPT
2023-03-06T00:00:00Z,63,ChatGPT
2023-03-07T00:00:00Z,61,ChatGPT
2023-03-08T00:00:00Z,65,ChatGPT
2023-03-09T00:00:00Z,68,ChatGPT
2023-03-10T00:00:00Z,62,ChatGPT
2023-03-11T00:00:00Z,49,ChatGPT
2023-03-12T00:00:00Z,52,ChatGPT
2023-03-13T00:00:00Z,68,ChatGPT
2023-03-14T00:00:00Z,70,ChatGPT
2023-03-15T00:00:00Z,81,ChatGPT
2023-03-16T00:00:00Z,74,ChatGPT
2023-03-17T00:00:00Z,72,ChatGPT
2023-03-18T00:00:00Z,57,ChatGPT
2023-03-19T00:00:00Z,63,ChatGPT
2023-03-20T00:00:00Z,96,ChatGPT
2023-03-21T00:00:00Z,82,ChatGPT
2023-03-22T00:00:00Z,83,ChatGPT
2023-03-23T00:00:00Z,81,ChatGPT
2023-03-24T00:00:00Z,78,ChatGPT
2023-03-25T00:00:00Z,64,ChatGPT
2023-03-26T00:00:00Z,67,ChatGPT
2023-03-27T00:00:00Z,84,ChatGPT
2023-03-28T00:00:00Z,91,ChatGPT
2023-03-29T00:00:00Z,91,ChatGPT
2023-03-30T00:00:00Z,100,ChatGPT
2023-03-31T00:00:00Z,84,ChatGPT
2023-04-01T00:00:00Z,68,ChatGPT
2023-04-02T00:00:00Z,70,ChatGPT
2023-04-03T00:00:00Z,85,ChatGPT
2023-04-04T00:00:00Z,86,ChatGPT
2023-04-05T00:00:00Z,81,ChatGPT
2023-04-06T00:00:00Z,80,ChatGPT
2023-04-07T00:00:00Z,75,ChatGPT
2023-04-08T00:00:00Z,61,ChatGPT
2023-04-09T00:00:00Z,70,ChatGPT
2023-04-10T00:00:00Z,87,ChatGPT
2023-04-11T00:00:00Z,88,ChatGPT
2023-04-12T00:00:00Z,90,ChatGPT
2023-04-13T00:00:00Z,96,ChatGPT
2023-04-14T00:00:00Z,82,ChatGPT
2023-04-15T00:00:00Z,66,ChatGPT
2023-04-16T00:00:00Z,70,ChatGPT
2023-04-17T00:00:00Z,91,ChatGPT
2023-04-18T00:00:00Z,96,ChatGPT
2023-04-19T00:00:00Z,96,ChatGPT
2023-04-20T00:00:00Z,88,ChatGPT
2023-04-21T00:00:00Z,79,ChatGPT
2023-04-22T00:00:00Z,63,ChatGPT
2023-04-23T00:00:00Z,69,ChatGPT
2023-04-24T00:00:00Z,95,ChatGPT
2023-04-25T00:00:00Z,95,ChatGPT
2023-04-26T00:00:00Z,93,ChatGPT
2023-04-27T00:00:00Z,90,ChatGPT
2023-04-28T00:00:00Z,82,ChatGPT
2023-04-29T00:00:00Z,62,ChatGPT
2023-04-30T00:00:00Z,64,ChatGPT
2023-05-01T00:00:00Z,78,ChatGPT
2018-05-06T00:00:00Z,51,Business Analytics
2018-05-13T00:00:00Z,51,Business Analytics
2018-05-20T00:00:00Z,49,Business Analytics
2018-05-27T00:00:00Z,50,Business Analytics
2018-06-03T00:00:00Z,48,Business Analytics
2018-06-10T00:00:00Z,48,Business Analytics
2018-06-17T00:00:00Z,46,Business Analytics
2018-06-24T00:00:00Z,47,Business Analytics
2018-07-01T00:00:00Z,46,Business Analytics
2018-07-08T00:00:00Z,49,Business Analytics
2018-07-15T00:00:00Z,50,Business Analytics
2018-07-22T00:00:00Z,51,Business Analytics
2018-07-29T00:00:00Z,56,Business Analytics
2018-08-05T00:00:00Z,53,Business Analytics
2018-08-12T00:00:00Z,48,Business Analytics
2018-08-19T00:00:00Z,48,Business Analytics
2018-08-26T00:00:00Z,54,Business Analytics
2018-09-02T00:00:00Z,48,Business Analytics
2018-09-09T00:00:00Z,53,Business Analytics
2018-09-16T00:00:00Z,53,Business Analytics
2018-09-23T00:00:00Z,53,Business Analytics
2018-09-30T00:00:00Z,53,Business Analytics
2018-10-07T00:00:00Z,54,Business Analytics
2018-10-14T00:00:00Z,53,Business Analytics
2018-10-21T00:00:00Z,52,Business Analytics
2018-10-28T00:00:00Z,53,Business Analytics
2018-11-04T00:00:00Z,53,Business Analytics
2018-11-11T00:00:00Z,57,Business Analytics
2018-11-18T00:00:00Z,47,Business Analytics
2018-11-25T00:00:00Z,56,Business Analytics
2018-12-02T00:00:00Z,54,Business Analytics
2018-12-09T00:00:00Z,48,Business Analytics
2018-12-16T00:00:00Z,46,Business Analytics
2018-12-23T00:00:00Z,41,Business Analytics
2018-12-30T00:00:00Z,44,Business Analytics
2019-01-06T00:00:00Z,58,Business Analytics
2019-01-13T00:00:00Z,60,Business Analytics
2019-01-20T00:00:00Z,53,Business Analytics
2019-01-27T00:00:00Z,54,Business Analytics
2019-02-03T00:00:00Z,56,Business Analytics
2019-02-10T00:00:00Z,57,Business Analytics
2019-02-17T00:00:00Z,56,Business Analytics
2019-02-24T00:00:00Z,55,Business Analytics
2019-03-03T00:00:00Z,58,Business Analytics
2019-03-10T00:00:00Z,55,Business Analytics
2019-03-17T00:00:00Z,58,Business Analytics
2019-03-24T00:00:00Z,56,Business Analytics
2019-03-31T00:00:00Z,55,Business Analytics
2019-04-07T00:00:00Z,57,Business Analytics
2019-04-14T00:00:00Z,53,Business Analytics
2019-04-21T00:00:00Z,53,Business Analytics
2019-04-28T00:00:00Z,52,Business Analytics
2019-05-05T00:00:00Z,58,Business Analytics
2019-05-12T00:00:00Z,58,Business Analytics
2019-05-19T00:00:00Z,51,Business Analytics
2019-05-26T00:00:00Z,57,Business Analytics
2019-06-02T00:00:00Z,56,Business Analytics
2019-06-09T00:00:00Z,58,Business Analytics
2019-06-16T00:00:00Z,53,Business Analytics
2019-06-23T00:00:00Z,54,Business Analytics
2019-06-30T00:00:00Z,52,Business Analytics
2019-07-07T00:00:00Z,58,Business Analytics
2019-07-14T00:00:00Z,57,Business Analytics
2019-07-21T00:00:00Z,53,Business Analytics
2019-07-28T00:00:00Z,58,Business Analytics
2019-08-04T00:00:00Z,55,Business Analytics
2019-08-11T00:00:00Z,58,Business Analytics
2019-08-18T00:00:00Z,65,Business Analytics
2019-08-25T00:00:00Z,63,Business Analytics
2019-09-01T00:00:00Z,65,Business Analytics
2019-09-08T00:00:00Z,70,Business Analytics
2019-09-15T00:00:00Z,70,Business Analytics
2019-09-22T00:00:00Z,69,Business Analytics
2019-09-29T00:00:00Z,61,Business Analytics
2019-10-06T00:00:00Z,62,Business Analytics
2019-10-13T00:00:00Z,65,Business Analytics
2019-10-20T00:00:00Z,63,Business Analytics
2019-10-27T00:00:00Z,57,Business Analytics
2019-11-03T00:00:00Z,60,Business Analytics
2019-11-10T00:00:00Z,68,Business Analytics
2019-11-17T00:00:00Z,63,Business Analytics
2019-11-24T00:00:00Z,56,Business Analytics
2019-12-01T00:00:00Z,57,Business Analytics
2019-12-08T00:00:00Z,66,Business Analytics
2019-12-15T00:00:00Z,62,Business Analytics
2019-12-22T00:00:00Z,52,Business Analytics
2019-12-29T00:00:00Z,55,Business Analytics
2020-01-05T00:00:00Z,71,Business Analytics
2020-01-12T00:00:00Z,73,Business Analytics
2020-01-19T00:00:00Z,74,Business Analytics
2020-01-26T00:00:00Z,69,Business Analytics
2020-02-02T00:00:00Z,70,Business Analytics
2020-02-09T00:00:00Z,67,Business Analytics
2020-02-16T00:00:00Z,74,Business Analytics
2020-02-23T00:00:00Z,75,Business Analytics
2020-03-01T00:00:00Z,70,Business Analytics
2020-03-08T00:00:00Z,64,Business Analytics
2020-03-15T00:00:00Z,48,Business Analytics
2020-03-22T00:00:00Z,45,Business Analytics
2020-03-29T00:00:00Z,52,Business Analytics
2020-04-05T00:00:00Z,56,Business Analytics
2020-04-12T00:00:00Z,62,Business Analytics
2020-04-19T00:00:00Z,61,Business Analytics
2020-04-26T00:00:00Z,62,Business Analytics
2020-05-03T00:00:00Z,65,Business Analytics
2020-05-10T00:00:00Z,66,Business Analytics
2020-05-17T00:00:00Z,63,Business Analytics
2020-05-24T00:00:00Z,63,Business Analytics
2020-05-31T00:00:00Z,61,Business Analytics
2020-06-07T00:00:00Z,63,Business Analytics
2020-06-14T00:00:00Z,65,Business Analytics
2020-06-21T00:00:00Z,63,Business Analytics
2020-06-28T00:00:00Z,59,Business Analytics
2020-07-05T00:00:00Z,64,Business Analytics
2020-07-12T00:00:00Z,66,Business Analytics
2020-07-19T00:00:00Z,64,Business Analytics
2020-07-26T00:00:00Z,66,Business Analytics
2020-08-02T00:00:00Z,63,Business Analytics
2020-08-09T00:00:00Z,63,Business Analytics
2020-08-16T00:00:00Z,63,Business Analytics
2020-08-23T00:00:00Z,68,Business Analytics
2020-08-30T00:00:00Z,71,Business Analytics
2020-09-06T00:00:00Z,72,Business Analytics
2020-09-13T00:00:00Z,72,Business Analytics
2020-09-20T00:00:00Z,67,Business Analytics
2020-09-27T00:00:00Z,59,Business Analytics
2020-10-04T00:00:00Z,68,Business Analytics
2020-10-11T00:00:00Z,58,Business Analytics
2020-10-18T00:00:00Z,54,Business Analytics
2020-10-25T00:00:00Z,55,Business Analytics
2020-11-01T00:00:00Z,54,Business Analytics
2020-11-08T00:00:00Z,54,Business Analytics
2020-11-15T00:00:00Z,55,Business Analytics
2020-11-22T00:00:00Z,55,Business Analytics
2020-11-29T00:00:00Z,57,Business Analytics
2020-12-06T00:00:00Z,53,Business Analytics
2020-12-13T00:00:00Z,55,Business Analytics
2020-12-20T00:00:00Z,48,Business Analytics
2020-12-27T00:00:00Z,46,Business Analytics
2021-01-03T00:00:00Z,56,Business Analytics
2021-01-10T00:00:00Z,57,Business Analytics
2021-01-17T00:00:00Z,58,Business Analytics
2021-01-24T00:00:00Z,57,Business Analytics
2021-01-31T00:00:00Z,57,Business Analytics
2021-02-07T00:00:00Z,60,Business Analytics
2021-02-14T00:00:00Z,60,Business Analytics
2021-02-21T00:00:00Z,53,Business Analytics
2021-02-28T00:00:00Z,59,Business Analytics
2021-03-07T00:00:00Z,58,Business Analytics
2021-03-14T00:00:00Z,55,Business Analytics
2021-03-21T00:00:00Z,58,Business Analytics
2021-03-28T00:00:00Z,60,Business Analytics
2021-04-04T00:00:00Z,59,Business Analytics
2021-04-11T00:00:00Z,55,Business Analytics
2021-04-18T00:00:00Z,55,Business Analytics
2021-04-25T00:00:00Z,57,Business Analytics
2021-05-02T00:00:00Z,57,Business Analytics
2021-05-09T00:00:00Z,64,Business Analytics
2021-05-16T00:00:00Z,60,Business Analytics
2021-05-23T00:00:00Z,61,Business Analytics
2021-05-30T00:00:00Z,61,Business Analytics
2021-06-06T00:00:00Z,67,Business Analytics
2021-06-13T00:00:00Z,59,Business Analytics
2021-06-20T00:00:00Z,67,Business Analytics
2021-06-27T00:00:00Z,59,Business Analytics
2021-07-04T00:00:00Z,61,Business Analytics
2021-07-11T00:00:00Z,63,Business Analytics
2021-07-18T00:00:00Z,61,Business Analytics
2021-07-25T00:00:00Z,59,Business Analytics
2021-08-01T00:00:00Z,59,Business Analytics
2021-08-08T00:00:00Z,58,Business Analytics
2021-08-15T00:00:00Z,61,Business Analytics
2021-08-22T00:00:00Z,61,Business Analytics
2021-08-29T00:00:00Z,63,Business Analytics
2021-09-05T00:00:00Z,61,Business Analytics
2021-09-12T00:00:00Z,65,Business Analytics
2021-09-19T00:00:00Z,71,Business Analytics
2021-09-26T00:00:00Z,66,Business Analytics
2021-10-03T00:00:00Z,69,Business Analytics
2021-10-10T00:00:00Z,64,Business Analytics
2021-10-17T00:00:00Z,72,Business Analytics
2021-10-24T00:00:00Z,62,Business Analytics
2021-10-31T00:00:00Z,61,Business Analytics
2021-11-07T00:00:00Z,65,Business Analytics
2021-11-14T00:00:00Z,71,Business Analytics
2021-11-21T00:00:00Z,62,Business Analytics
2021-11-28T00:00:00Z,64,Business Analytics
2021-12-05T00:00:00Z,60,Business Analytics
2021-12-12T00:00:00Z,61,Business Analytics
2021-12-19T00:00:00Z,58,Business Analytics
2021-12-26T00:00:00Z,57,Business Analytics
2022-01-02T00:00:00Z,77,Business Analytics
2022-01-09T00:00:00Z,89,Business Analytics
2022-01-16T00:00:00Z,90,Business Analytics
2022-01-23T00:00:00Z,90,Business Analytics
2022-01-30T00:00:00Z,91,Business Analytics
2022-02-06T00:00:00Z,94,Business Analytics
2022-02-13T00:00:00Z,99,Business Analytics
2022-02-20T00:00:00Z,93,Business Analytics
2022-02-27T00:00:00Z,93,Business Analytics
2022-03-06T00:00:00Z,87,Business Analytics
2022-03-13T00:00:00Z,91,Business Analytics
2022-03-20T00:00:00Z,95,Business Analytics
2022-03-27T00:00:00Z,93,Business Analytics
2022-04-03T00:00:00Z,94,Business Analytics
2022-04-10T00:00:00Z,85,Business Analytics
2022-04-17T00:00:00Z,89,Business Analytics
2022-04-24T00:00:00Z,88,Business Analytics
2022-05-01T00:00:00Z,82,Business Analytics
2022-05-08T00:00:00Z,88,Business Analytics
2022-05-15T00:00:00Z,87,Business Analytics
2022-05-22T00:00:00Z,85,Business Analytics
2022-05-29T00:00:00Z,85,Business Analytics
2022-06-05T00:00:00Z,83,Business Analytics
2022-06-12T00:00:00Z,83,Business Analytics
2022-06-19T00:00:00Z,85,Business Analytics
2022-06-26T00:00:00Z,80,Business Analytics
2022-07-03T00:00:00Z,85,Business Analytics
2022-07-10T00:00:00Z,78,Business Analytics
2022-07-17T00:00:00Z,90,Business Analytics
2022-07-24T00:00:00Z,85,Business Analytics
2022-07-31T00:00:00Z,86,Business Analytics
2022-08-07T00:00:00Z,80,Business Analytics
2022-08-14T00:00:00Z,85,Business Analytics
2022-08-21T00:00:00Z,91,Business Analytics
2022-08-28T00:00:00Z,89,Business Analytics
2022-09-04T00:00:00Z,88,Business Analytics
2022-09-11T00:00:00Z,97,Business Analytics
2022-09-18T00:00:00Z,97,Business Analytics
2022-09-25T00:00:00Z,88,Business Analytics
2022-10-02T00:00:00Z,84,Business Analytics
2022-10-09T00:00:00Z,91,Business Analytics
2022-10-16T00:00:00Z,87,Business Analytics
2022-10-23T00:00:00Z,82,Business Analytics
2022-10-30T00:00:00Z,93,Business Analytics
2022-11-06T00:00:00Z,88,Business Analytics
2022-11-13T00:00:00Z,88,Business Analytics
2022-11-20T00:00:00Z,79,Business Analytics
2022-11-27T00:00:00Z,83,Business Analytics
2022-12-04T00:00:00Z,89,Business Analytics
2022-12-11T00:00:00Z,95,Business Analytics
2022-12-18T00:00:00Z,77,Business Analytics
2022-12-25T00:00:00Z,74,Business Analytics
2023-01-01T00:00:00Z,77,Business Analytics
2023-01-08T00:00:00Z,90,Business Analytics
2023-01-15T00:00:00Z,98,Business Analytics
2023-01-22T00:00:00Z,100,Business Analytics
2023-01-29T00:00:00Z,96,Business Analytics
2023-02-05T00:00:00Z,88,Business Analytics
2023-02-12T00:00:00Z,92,Business Analytics
2023-02-19T00:00:00Z,92,Business Analytics
2023-02-26T00:00:00Z,94,Business Analytics
2023-03-05T00:00:00Z,84,Business Analytics
2023-03-12T00:00:00Z,86,Business Analytics
2023-03-19T00:00:00Z,90,Business Analytics
2023-03-26T00:00:00Z,90,Business Analytics
2023-04-02T00:00:00Z,90,Business Analytics
2023-04-09T00:00:00Z,85,Business Analytics
2023-04-16T00:00:00Z,83,Business Analytics
2023-04-23T00:00:00Z,86,Business Analytics
2023-04-30T00:00:00Z,81,Business Analytics
2020-01-05T00:00:00Z,0,COVID
2020-01-12T00:00:00Z,0,COVID
2020-01-19T00:00:00Z,0,COVID
2020-01-26T00:00:00Z,0,COVID
2020-02-02T00:00:00Z,0,COVID
2020-02-09T00:00:00Z,1,COVID
2020-02-16T00:00:00Z,1,COVID
2020-02-23T00:00:00Z,3,COVID
2020-03-01T00:00:00Z,7,COVID
2020-03-08T00:00:00Z,26,COVID
2020-03-15T00:00:00Z,65,COVID
2020-03-22T00:00:00Z,81,COVID
2020-03-29T00:00:00Z,78,COVID
2020-04-05T00:00:00Z,73,COVID
2020-04-12T00:00:00Z,66,COVID
2020-04-19T00:00:00Z,57,COVID
2020-04-26T00:00:00Z,57,COVID
2020-05-03T00:00:00Z,53,COVID
2020-05-10T00:00:00Z,54,COVID
2020-05-17T00:00:00Z,49,COVID
2020-05-24T00:00:00Z,46,COVID
2020-05-31T00:00:00Z,42,COVID
2020-06-07T00:00:00Z,41,COVID
2020-06-14T00:00:00Z,44,COVID
2020-06-21T00:00:00Z,48,COVID
2020-06-28T00:00:00Z,52,COVID
2020-07-05T00:00:00Z,52,COVID
2020-07-12T00:00:00Z,54,COVID
2020-07-19T00:00:00Z,51,COVID
2020-07-26T00:00:00Z,53,COVID
2020-08-02T00:00:00Z,50,COVID
2020-08-09T00:00:00Z,45,COVID
2020-08-16T00:00:00Z,43,COVID
2020-08-23T00:00:00Z,42,COVID
2020-08-30T00:00:00Z,42,COVID
2020-09-06T00:00:00Z,44,COVID
2020-09-13T00:00:00Z,44,COVID
2020-09-20T00:00:00Z,45,COVID
2020-09-27T00:00:00Z,46,COVID
2020-10-04T00:00:00Z,48,COVID
2020-10-11T00:00:00Z,48,COVID
2020-10-18T00:00:00Z,53,COVID
2020-10-25T00:00:00Z,59,COVID
2020-11-01T00:00:00Z,49,COVID
2020-11-08T00:00:00Z,56,COVID
2020-11-15T00:00:00Z,63,COVID
2020-11-22T00:00:00Z,53,COVID
2020-11-29T00:00:00Z,52,COVID
2020-12-06T00:00:00Z,55,COVID
2020-12-13T00:00:00Z,60,COVID
2020-12-20T00:00:00Z,61,COVID
2020-12-27T00:00:00Z,64,COVID
2021-01-03T00:00:00Z,66,COVID
2021-01-10T00:00:00Z,75,COVID
2021-01-17T00:00:00Z,60,COVID
2021-01-24T00:00:00Z,58,COVID
2021-01-31T00:00:00Z,57,COVID
2021-02-07T00:00:00Z,52,COVID
2021-02-14T00:00:00Z,48,COVID
2021-02-21T00:00:00Z,53,COVID
2021-02-28T00:00:00Z,57,COVID
2021-03-07T00:00:00Z,58,COVID
2021-03-14T00:00:00Z,61,COVID
2021-03-21T00:00:00Z,63,COVID
2021-03-28T00:00:00Z,66,COVID
2021-04-04T00:00:00Z,67,COVID
2021-04-11T00:00:00Z,65,COVID
2021-04-18T00:00:00Z,63,COVID
2021-04-25T00:00:00Z,64,COVID
2021-05-02T00:00:00Z,64,COVID
2021-05-09T00:00:00Z,61,COVID
2021-05-16T00:00:00Z,58,COVID
2021-05-23T00:00:00Z,55,COVID
2021-05-30T00:00:00Z,57,COVID
2021-06-06T00:00:00Z,51,COVID
2021-06-13T00:00:00Z,50,COVID
2021-06-20T00:00:00Z,58,COVID
2021-06-27T00:00:00Z,56,COVID
2021-07-04T00:00:00Z,55,COVID
2021-07-11T00:00:00Z,64,COVID
2021-07-18T00:00:00Z,68,COVID
2021-07-25T00:00:00Z,68,COVID
2021-08-01T00:00:00Z,72,COVID
2021-08-08T00:00:00Z,61,COVID
2021-08-15T00:00:00Z,66,COVID
2021-08-22T00:00:00Z,65,COVID
2021-08-29T00:00:00Z,63,COVID
2021-09-05T00:00:00Z,53,COVID
2021-09-12T00:00:00Z,53,COVID
2021-09-19T00:00:00Z,46,COVID
2021-09-26T00:00:00Z,43,COVID
2021-10-03T00:00:00Z,42,COVID
2021-10-10T00:00:00Z,42,COVID
2021-10-17T00:00:00Z,40,COVID
2021-10-24T00:00:00Z,39,COVID
2021-10-31T00:00:00Z,38,COVID
2021-11-07T00:00:00Z,40,COVID
2021-11-14T00:00:00Z,44,COVID
2021-11-21T00:00:00Z,46,COVID
2021-11-28T00:00:00Z,52,COVID
2021-12-05T00:00:00Z,47,COVID
2021-12-12T00:00:00Z,67,COVID
2021-12-19T00:00:00Z,77,COVID
2021-12-26T00:00:00Z,97,COVID
2022-01-02T00:00:00Z,100,COVID
2022-01-09T00:00:00Z,89,COVID
2022-01-16T00:00:00Z,93,COVID
2022-01-23T00:00:00Z,58,COVID
2022-01-30T00:00:00Z,44,COVID
2022-02-06T00:00:00Z,39,COVID
2022-02-13T00:00:00Z,35,COVID
2022-02-20T00:00:00Z,29,COVID
2022-02-27T00:00:00Z,28,COVID
2022-03-06T00:00:00Z,25,COVID
2022-03-13T00:00:00Z,25,COVID
2022-03-20T00:00:00Z,25,COVID
2022-03-27T00:00:00Z,23,COVID
2022-04-03T00:00:00Z,22,COVID
2022-04-10T00:00:00Z,21,COVID
2022-04-17T00:00:00Z,19,COVID
2022-04-24T00:00:00Z,19,COVID
2022-05-01T00:00:00Z,18,COVID
2022-05-08T00:00:00Z,18,COVID
2022-05-15T00:00:00Z,19,COVID
2022-05-22T00:00:00Z,17,COVID
2022-05-29T00:00:00Z,17,COVID
2022-06-05T00:00:00Z,18,COVID
2022-06-12T00:00:00Z,17,COVID
2022-06-19T00:00:00Z,19,COVID
2022-06-26T00:00:00Z,21,COVID
2022-07-03T00:00:00Z,23,COVID
2022-07-10T00:00:00Z,22,COVID
2022-07-17T00:00:00Z,22,COVID
2022-07-24T00:00:00Z,18,COVID
2022-07-31T00:00:00Z,16,COVID
2022-08-07T00:00:00Z,14,COVID
2022-08-14T00:00:00Z,13,COVID
2022-08-21T00:00:00Z,12,COVID
2022-08-28T00:00:00Z,12,COVID
2022-09-04T00:00:00Z,11,COVID
2022-09-11T00:00:00Z,11,COVID
2022-09-18T00:00:00Z,11,COVID
2022-09-25T00:00:00Z,10,COVID
2022-10-02T00:00:00Z,11,COVID
2022-10-09T00:00:00Z,10,COVID
2022-10-16T00:00:00Z,11,COVID
2022-10-23T00:00:00Z,10,COVID
2022-10-30T00:00:00Z,9,COVID
2022-11-06T00:00:00Z,9,COVID
2022-11-13T00:00:00Z,10,COVID
2022-11-20T00:00:00Z,10,COVID
2022-11-27T00:00:00Z,10,COVID
2022-12-04T00:00:00Z,10,COVID
2022-12-11T00:00:00Z,11,COVID
2022-12-18T00:00:00Z,13,COVID
2022-12-25T00:00:00Z,12,COVID
2018-05-06T00:00:00Z,90,University of Sydney
2018-05-13T00:00:00Z,91,University of Sydney
2018-05-20T00:00:00Z,94,University of Sydney
2018-05-27T00:00:00Z,88,University of Sydney
2018-06-03T00:00:00Z,86,University of Sydney
2018-06-10T00:00:00Z,84,University of Sydney
2018-06-17T00:00:00Z,86,University of Sydney
2018-06-24T00:00:00Z,88,University of Sydney
2018-07-01T00:00:00Z,83,University of Sydney
2018-07-08T00:00:00Z,84,University of Sydney
2018-07-15T00:00:00Z,84,University of Sydney
2018-07-22T00:00:00Z,91,University of Sydney
2018-07-29T00:00:00Z,100,University of Sydney
2018-08-05T00:00:00Z,95,University of Sydney
2018-08-12T00:00:00Z,87,University of Sydney
2018-08-19T00:00:00Z,98,University of Sydney
2018-08-26T00:00:00Z,88,University of Sydney
2018-09-02T00:00:00Z,77,University of Sydney
2018-09-09T00:00:00Z,88,University of Sydney
2018-09-16T00:00:00Z,85,University of Sydney
2018-09-23T00:00:00Z,80,University of Sydney
2018-09-30T00:00:00Z,74,University of Sydney
2018-10-07T00:00:00Z,84,University of Sydney
2018-10-14T00:00:00Z,87,University of Sydney
2018-10-21T00:00:00Z,83,University of Sydney
2018-10-28T00:00:00Z,80,University of Sydney
2018-11-04T00:00:00Z,77,University of Sydney
2018-11-11T00:00:00Z,82,University of Sydney
2018-11-18T00:00:00Z,81,University of Sydney
2018-11-25T00:00:00Z,90,University of Sydney
2018-12-02T00:00:00Z,78,University of Sydney
2018-12-09T00:00:00Z,76,University of Sydney
2018-12-16T00:00:00Z,77,University of Sydney
2018-12-23T00:00:00Z,43,University of Sydney
2018-12-30T00:00:00Z,65,University of Sydney
2019-01-06T00:00:00Z,82,University of Sydney
2019-01-13T00:00:00Z,81,University of Sydney
2019-01-20T00:00:00Z,75,University of Sydney
2019-01-27T00:00:00Z,75,University of Sydney
2019-02-03T00:00:00Z,77,University of Sydney
2019-02-10T00:00:00Z,90,University of Sydney
2019-02-17T00:00:00Z,86,University of Sydney
2019-02-24T00:00:00Z,84,University of Sydney
2019-03-03T00:00:00Z,90,University of Sydney
2019-03-10T00:00:00Z,80,University of Sydney
2019-03-17T00:00:00Z,80,University of Sydney
2019-03-24T00:00:00Z,82,University of Sydney
2019-03-31T00:00:00Z,77,University of Sydney
2019-04-07T00:00:00Z,88,University of Sydney
2019-04-14T00:00:00Z,67,University of Sydney
2019-04-21T00:00:00Z,62,University of Sydney
2019-04-28T00:00:00Z,79,University of Sydney
2019-05-05T00:00:00Z,79,University of Sydney
2019-05-12T00:00:00Z,80,University of Sydney
2019-05-19T00:00:00Z,70,University of Sydney
2019-05-26T00:00:00Z,75,University of Sydney
2019-06-02T00:00:00Z,73,University of Sydney
2019-06-09T00:00:00Z,77,University of Sydney
2019-06-16T00:00:00Z,76,University of Sydney
2019-06-23T00:00:00Z,75,University of Sydney
2019-06-30T00:00:00Z,76,University of Sydney
2019-07-07T00:00:00Z,83,University of Sydney
2019-07-14T00:00:00Z,73,University of Sydney
2019-07-21T00:00:00Z,91,University of Sydney
2019-07-28T00:00:00Z,98,University of Sydney
2019-08-04T00:00:00Z,93,University of Sydney
2019-08-11T00:00:00Z,91,University of Sydney
2019-08-18T00:00:00Z,97,University of Sydney
2019-08-25T00:00:00Z,97,University of Sydney
2019-09-01T00:00:00Z,83,University of Sydney
2019-09-08T00:00:00Z,83,University of Sydney
2019-09-15T00:00:00Z,83,University of Sydney
2019-09-22T00:00:00Z,83,University of Sydney
2019-09-29T00:00:00Z,80,University of Sydney
2019-10-06T00:00:00Z,78,University of Sydney
2019-10-13T00:00:00Z,78,University of Sydney
2019-10-20T00:00:00Z,81,University of Sydney
2019-10-27T00:00:00Z,79,University of Sydney
2019-11-03T00:00:00Z,68,University of Sydney
2019-11-10T00:00:00Z,80,University of Sydney
2019-11-17T00:00:00Z,78,University of Sydney
2019-11-24T00:00:00Z,70,University of Sydney
2019-12-01T00:00:00Z,76,University of Sydney
2019-12-08T00:00:00Z,71,University of Sydney
2019-12-15T00:00:00Z,84,University of Sydney
2019-12-22T00:00:00Z,58,University of Sydney
2019-12-29T00:00:00Z,53,University of Sydney
2020-01-05T00:00:00Z,70,University of Sydney
2020-01-12T00:00:00Z,82,University of Sydney
2020-01-19T00:00:00Z,73,University of Sydney
2020-01-26T00:00:00Z,78,University of Sydney
2020-02-02T00:00:00Z,75,University of Sydney
2020-02-09T00:00:00Z,75,University of Sydney
2020-02-16T00:00:00Z,88,University of Sydney
2020-02-23T00:00:00Z,81,University of Sydney
2020-03-01T00:00:00Z,80,University of Sydney
2020-03-08T00:00:00Z,74,University of Sydney
2020-03-15T00:00:00Z,67,University of Sydney
2020-03-22T00:00:00Z,52,University of Sydney
2020-03-29T00:00:00Z,59,University of Sydney
2020-04-05T00:00:00Z,53,University of Sydney
2020-04-12T00:00:00Z,57,University of Sydney
2020-04-19T00:00:00Z,56,University of Sydney
2020-04-26T00:00:00Z,60,University of Sydney
2020-05-03T00:00:00Z,60,University of Sydney
2020-05-10T00:00:00Z,59,University of Sydney
2020-05-17T00:00:00Z,61,University of Sydney
2020-05-24T00:00:00Z,62,University of Sydney
2020-05-31T00:00:00Z,59,University of Sydney
2020-06-07T00:00:00Z,57,University of Sydney
2020-06-14T00:00:00Z,62,University of Sydney
2020-06-21T00:00:00Z,59,University of Sydney
2020-06-28T00:00:00Z,57,University of Sydney
2020-07-05T00:00:00Z,63,University of Sydney
2020-07-12T00:00:00Z,55,University of Sydney
2020-07-19T00:00:00Z,57,University of Sydney
2020-07-26T00:00:00Z,62,University of Sydney
2020-08-02T00:00:00Z,57,University of Sydney
2020-08-09T00:00:00Z,67,University of Sydney
2020-08-16T00:00:00Z,63,University of Sydney
2020-08-23T00:00:00Z,63,University of Sydney
2020-08-30T00:00:00Z,62,University of Sydney
2020-09-06T00:00:00Z,53,University of Sydney
2020-09-13T00:00:00Z,62,University of Sydney
2020-09-20T00:00:00Z,51,University of Sydney
2020-09-27T00:00:00Z,47,University of Sydney
2020-10-04T00:00:00Z,47,University of Sydney
2020-10-11T00:00:00Z,52,University of Sydney
2020-10-18T00:00:00Z,52,University of Sydney
2020-10-25T00:00:00Z,47,University of Sydney
2020-11-01T00:00:00Z,47,University of Sydney
2020-11-08T00:00:00Z,42,University of Sydney
2020-11-15T00:00:00Z,48,University of Sydney
2020-11-22T00:00:00Z,51,University of Sydney
2020-11-29T00:00:00Z,47,University of Sydney
2020-12-06T00:00:00Z,47,University of Sydney
2020-12-13T00:00:00Z,55,University of Sydney
2020-12-20T00:00:00Z,45,University of Sydney
2020-12-27T00:00:00Z,34,University of Sydney
2021-01-03T00:00:00Z,53,University of Sydney
2021-01-10T00:00:00Z,53,University of Sydney
2021-01-17T00:00:00Z,50,University of Sydney
2021-01-24T00:00:00Z,47,University of Sydney
2021-01-31T00:00:00Z,57,University of Sydney
2021-02-07T00:00:00Z,46,University of Sydney
2021-02-14T00:00:00Z,52,University of Sydney
2021-02-21T00:00:00Z,54,University of Sydney
2021-02-28T00:00:00Z,54,University of Sydney
2021-03-07T00:00:00Z,51,University of Sydney
2021-03-14T00:00:00Z,51,University of Sydney
2021-03-21T00:00:00Z,46,University of Sydney
2021-03-28T00:00:00Z,46,University of Sydney
2021-04-04T00:00:00Z,47,University of Sydney
2021-04-11T00:00:00Z,46,University of Sydney
2021-04-18T00:00:00Z,54,University of Sydney
2021-04-25T00:00:00Z,50,University of Sydney
2021-05-02T00:00:00Z,45,University of Sydney
2021-05-09T00:00:00Z,54,University of Sydney
2021-05-16T00:00:00Z,51,University of Sydney
2021-05-23T00:00:00Z,54,University of Sydney
2021-05-30T00:00:00Z,56,University of Sydney
2021-06-06T00:00:00Z,55,University of Sydney
2021-06-13T00:00:00Z,46,University of Sydney
2021-06-20T00:00:00Z,49,University of Sydney
2021-06-27T00:00:00Z,46,University of Sydney
2021-07-04T00:00:00Z,50,University of Sydney
2021-07-11T00:00:00Z,47,University of Sydney
2021-07-18T00:00:00Z,46,University of Sydney
2021-07-25T00:00:00Z,45,University of Sydney
2021-08-01T00:00:00Z,47,University of Sydney
2021-08-08T00:00:00Z,47,University of Sydney
2021-08-15T00:00:00Z,42,University of Sydney
2021-08-22T00:00:00Z,47,University of Sydney
2021-08-29T00:00:00Z,46,University of Sydney
2021-09-05T00:00:00Z,55,University of Sydney
2021-09-12T00:00:00Z,48,University of Sydney
2021-09-19T00:00:00Z,48,University of Sydney
2021-09-26T00:00:00Z,42,University of Sydney
2021-10-03T00:00:00Z,47,University of Sydney
2021-10-10T00:00:00Z,48,University of Sydney
2021-10-17T00:00:00Z,44,University of Sydney
2021-10-24T00:00:00Z,46,University of Sydney
2021-10-31T00:00:00Z,42,University of Sydney
2021-11-07T00:00:00Z,48,University of Sydney
2021-11-14T00:00:00Z,45,University of Sydney
2021-11-21T00:00:00Z,48,University of Sydney
2021-11-28T00:00:00Z,45,University of Sydney
2021-12-05T00:00:00Z,45,University of Sydney
2021-12-12T00:00:00Z,47,University of Sydney
2021-12-19T00:00:00Z,44,University of Sydney
2021-12-26T00:00:00Z,40,University of Sydney
2022-01-02T00:00:00Z,58,University of Sydney
2022-01-09T00:00:00Z,68,University of Sydney
2022-01-16T00:00:00Z,70,University of Sydney
2022-01-23T00:00:00Z,83,University of Sydney
2022-01-30T00:00:00Z,75,University of Sydney
2022-02-06T00:00:00Z,78,University of Sydney
2022-02-13T00:00:00Z,80,University of Sydney
2022-02-20T00:00:00Z,82,University of Sydney
2022-02-27T00:00:00Z,80,University of Sydney
2022-03-06T00:00:00Z,79,University of Sydney
2022-03-13T00:00:00Z,77,University of Sydney
2022-03-20T00:00:00Z,72,University of Sydney
2022-03-27T00:00:00Z,70,University of Sydney
2022-04-03T00:00:00Z,72,University of Sydney
2022-04-10T00:00:00Z,64,University of Sydney
2022-04-17T00:00:00Z,68,University of Sydney
2022-04-24T00:00:00Z,76,University of Sydney
2022-05-01T00:00:00Z,71,University of Sydney
2022-05-08T00:00:00Z,76,University of Sydney
2022-05-15T00:00:00Z,69,University of Sydney
2022-05-22T00:00:00Z,73,University of Sydney
2022-05-29T00:00:00Z,63,University of Sydney
2022-06-05T00:00:00Z,71,University of Sydney
2022-06-12T00:00:00Z,58,University of Sydney
2022-06-19T00:00:00Z,70,University of Sydney
2022-06-26T00:00:00Z,62,University of Sydney
2022-07-03T00:00:00Z,72,University of Sydney
2022-07-10T00:00:00Z,67,University of Sydney
2022-07-17T00:00:00Z,79,University of Sydney
2022-07-24T00:00:00Z,75,University of Sydney
2022-07-31T00:00:00Z,82,University of Sydney
2022-08-07T00:00:00Z,79,University of Sydney
2022-08-14T00:00:00Z,91,University of Sydney
2022-08-21T00:00:00Z,81,University of Sydney
2022-08-28T00:00:00Z,80,University of Sydney
2022-09-04T00:00:00Z,62,University of Sydney
2022-09-11T00:00:00Z,73,University of Sydney
2022-09-18T00:00:00Z,72,University of Sydney
2022-09-25T00:00:00Z,75,University of Sydney
2022-10-02T00:00:00Z,69,University of Sydney
2022-10-09T00:00:00Z,75,University of Sydney
2022-10-16T00:00:00Z,73,University of Sydney
2022-10-23T00:00:00Z,70,University of Sydney
2022-10-30T00:00:00Z,77,University of Sydney
2022-11-06T00:00:00Z,61,University of Sydney
2022-11-13T00:00:00Z,73,University of Sydney
2022-11-20T00:00:00Z,64,University of Sydney
2022-11-27T00:00:00Z,63,University of Sydney
2022-12-04T00:00:00Z,60,University of Sydney
2022-12-11T00:00:00Z,72,University of Sydney
2022-12-18T00:00:00Z,62,University of Sydney
2022-12-25T00:00:00Z,51,University of Sydney
2023-01-01T00:00:00Z,66,University of Sydney
2023-01-08T00:00:00Z,79,University of Sydney
2023-01-15T00:00:00Z,83,University of Sydney
2023-01-22T00:00:00Z,71,University of Sydney
2023-01-29T00:00:00Z,82,University of Sydney
2023-02-05T00:00:00Z,78,University of Sydney
2023-02-12T00:00:00Z,91,University of Sydney
2023-02-19T00:00:00Z,85,University of Sydney
2023-02-26T00:00:00Z,81,University of Sydney
2023-03-05T00:00:00Z,82,University of Sydney
2023-03-12T00:00:00Z,78,University of Sydney
2023-03-19T00:00:00Z,79,University of Sydney
2023-03-26T00:00:00Z,93,University of Sydney
2023-04-02T00:00:00Z,85,University of Sydney
2023-04-09T00:00:00Z,70,University of Sydney
2023-04-16T00:00:00Z,78,University of Sydney
2023-04-23T00:00:00Z,80,University of Sydney
2023-04-30T00:00:00Z,100,University of Sydney
2018-05-06T00:00:00Z,76,University of New South Wales
2018-05-13T00:00:00Z,63,University of New South Wales
2018-05-20T00:00:00Z,87,University of New South Wales
2018-05-27T00:00:00Z,86,University of New South Wales
2018-06-03T00:00:00Z,74,University of New South Wales
2018-06-10T00:00:00Z,85,University of New South Wales
2018-06-17T00:00:00Z,64,University of New South Wales
2018-06-24T00:00:00Z,79,University of New South Wales
2018-07-01T00:00:00Z,76,University of New South Wales
2018-07-08T00:00:00Z,68,University of New South Wales
2018-07-15T00:00:00Z,67,University of New South Wales
2018-07-22T00:00:00Z,52,University of New South Wales
2018-07-29T00:00:00Z,58,University of New South Wales
2018-08-05T00:00:00Z,91,University of New South Wales
2018-08-12T00:00:00Z,77,University of New South Wales
2018-08-19T00:00:00Z,58,University of New South Wales
2018-08-26T00:00:00Z,65,University of New South Wales
2018-09-02T00:00:00Z,100,University of New South Wales
2018-09-09T00:00:00Z,53,University of New South Wales
2018-09-16T00:00:00Z,80,University of New South Wales
2018-09-23T00:00:00Z,77,University of New South Wales
2018-09-30T00:00:00Z,77,University of New South Wales
2018-10-07T00:00:00Z,70,University of New South Wales
2018-10-14T00:00:00Z,69,University of New South Wales
2018-10-21T00:00:00Z,58,University of New South Wales
2018-10-28T00:00:00Z,84,University of New South Wales
2018-11-04T00:00:00Z,57,University of New South Wales
2018-11-11T00:00:00Z,73,University of New South Wales
2018-11-18T00:00:00Z,63,University of New South Wales
2018-11-25T00:00:00Z,44,University of New South Wales
2018-12-02T00:00:00Z,72,University of New South Wales
2018-12-09T00:00:00Z,59,University of New South Wales
2018-12-16T00:00:00Z,51,University of New South Wales
2018-12-23T00:00:00Z,52,University of New South Wales
2018-12-30T00:00:00Z,42,University of New South Wales
2019-01-06T00:00:00Z,58,University of New South Wales
2019-01-13T00:00:00Z,67,University of New South Wales
2019-01-20T00:00:00Z,54,University of New South Wales
2019-01-27T00:00:00Z,61,University of New South Wales
2019-02-03T00:00:00Z,56,University of New South Wales
2019-02-10T00:00:00Z,63,University of New South Wales
2019-02-17T00:00:00Z,58,University of New South Wales
2019-02-24T00:00:00Z,57,University of New South Wales
2019-03-03T00:00:00Z,55,University of New South Wales
2019-03-10T00:00:00Z,52,University of New South Wales
2019-03-17T00:00:00Z,64,University of New South Wales
2019-03-24T00:00:00Z,62,University of New South Wales
2019-03-31T00:00:00Z,58,University of New South Wales
2019-04-07T00:00:00Z,52,University of New South Wales
2019-04-14T00:00:00Z,41,University of New South Wales
2019-04-21T00:00:00Z,71,University of New South Wales
2019-04-28T00:00:00Z,41,University of New South Wales
2019-05-05T00:00:00Z,55,University of New South Wales
2019-05-12T00:00:00Z,51,University of New South Wales
2019-05-19T00:00:00Z,61,University of New South Wales
2019-05-26T00:00:00Z,60,University of New South Wales
2019-06-02T00:00:00Z,67,University of New South Wales
2019-06-09T00:00:00Z,58,University of New South Wales
2019-06-16T00:00:00Z,61,University of New South Wales
2019-06-23T00:00:00Z,61,University of New South Wales
2019-06-30T00:00:00Z,57,University of New South Wales
2019-07-07T00:00:00Z,82,University of New South Wales
2019-07-14T00:00:00Z,53,University of New South Wales
2019-07-21T00:00:00Z,47,University of New South Wales
2019-07-28T00:00:00Z,76,University of New South Wales
2019-08-04T00:00:00Z,69,University of New South Wales
2019-08-11T00:00:00Z,63,University of New South Wales
2019-08-18T00:00:00Z,61,University of New South Wales
2019-08-25T00:00:00Z,86,University of New South Wales
2019-09-01T00:00:00Z,77,University of New South Wales
2019-09-08T00:00:00Z,64,University of New South Wales
2019-09-15T00:00:00Z,70,University of New South Wales
2019-09-22T00:00:00Z,66,University of New South Wales
2019-09-29T00:00:00Z,57,University of New South Wales
2019-10-06T00:00:00Z,68,University of New South Wales
2019-10-13T00:00:00Z,61,University of New South Wales
2019-10-20T00:00:00Z,66,University of New South Wales
2019-10-27T00:00:00Z,61,University of New South Wales
2019-11-03T00:00:00Z,26,University of New South Wales
2019-11-10T00:00:00Z,64,University of New South Wales
2019-11-17T00:00:00Z,77,University of New South Wales
2019-11-24T00:00:00Z,57,University of New South Wales
2019-12-01T00:00:00Z,63,University of New South Wales
2019-12-08T00:00:00Z,54,University of New South Wales
2019-12-15T00:00:00Z,54,University of New South Wales
2019-12-22T00:00:00Z,38,University of New South Wales
2019-12-29T00:00:00Z,55,University of New South Wales
2020-01-05T00:00:00Z,60,University of New South Wales
2020-01-12T00:00:00Z,50,University of New South Wales
2020-01-19T00:00:00Z,57,University of New South Wales
2020-01-26T00:00:00Z,62,University of New South Wales
2020-02-02T00:00:00Z,59,University of New South Wales
2020-02-09T00:00:00Z,53,University of New South Wales
2020-02-16T00:00:00Z,68,University of New South Wales
2020-02-23T00:00:00Z,64,University of New South Wales
2020-03-01T00:00:00Z,44,University of New South Wales
2020-03-08T00:00:00Z,59,University of New South Wales
2020-03-15T00:00:00Z,38,University of New South Wales
2020-03-22T00:00:00Z,32,University of New South Wales
2020-03-29T00:00:00Z,33,University of New South Wales
2020-04-05T00:00:00Z,39,University of New South Wales
2020-04-12T00:00:00Z,45,University of New South Wales
2020-04-19T00:00:00Z,29,University of New South Wales
2020-04-26T00:00:00Z,38,University of New South Wales
2020-05-03T00:00:00Z,45,University of New South Wales
2020-05-10T00:00:00Z,58,University of New South Wales
2020-05-17T00:00:00Z,53,University of New South Wales
2020-05-24T00:00:00Z,37,University of New South Wales
2020-05-31T00:00:00Z,49,University of New South Wales
2020-06-07T00:00:00Z,54,University of New South Wales
2020-06-14T00:00:00Z,44,University of New South Wales
2020-06-21T00:00:00Z,50,University of New South Wales
2020-06-28T00:00:00Z,48,University of New South Wales
2020-07-05T00:00:00Z,52,University of New South Wales
2020-07-12T00:00:00Z,44,University of New South Wales
2020-07-19T00:00:00Z,41,University of New South Wales
2020-07-26T00:00:00Z,46,University of New South Wales
2020-08-02T00:00:00Z,37,University of New South Wales
2020-08-09T00:00:00Z,40,University of New South Wales
2020-08-16T00:00:00Z,45,University of New South Wales
2020-08-23T00:00:00Z,52,University of New South Wales
2020-08-30T00:00:00Z,48,University of New South Wales
2020-09-06T00:00:00Z,63,University of New South Wales
2020-09-13T00:00:00Z,37,University of New South Wales
2020-09-20T00:00:00Z,50,University of New South Wales
2020-09-27T00:00:00Z,28,University of New South Wales
2020-10-04T00:00:00Z,46,University of New South Wales
2020-10-11T00:00:00Z,37,University of New South Wales
2020-10-18T00:00:00Z,44,University of New South Wales
2020-10-25T00:00:00Z,39,University of New South Wales
2020-11-01T00:00:00Z,22,University of New South Wales
2020-11-08T00:00:00Z,30,University of New South Wales
2020-11-15T00:00:00Z,38,University of New South Wales
2020-11-22T00:00:00Z,55,University of New South Wales
2020-11-29T00:00:00Z,35,University of New South Wales
2020-12-06T00:00:00Z,45,University of New South Wales
2020-12-13T00:00:00Z,31,University of New South Wales
2020-12-20T00:00:00Z,35,University of New South Wales
2020-12-27T00:00:00Z,29,University of New South Wales
2021-01-03T00:00:00Z,42,University of New South Wales
2021-01-10T00:00:00Z,35,University of New South Wales
2021-01-17T00:00:00Z,24,University of New South Wales
2021-01-24T00:00:00Z,44,University of New South Wales
2021-01-31T00:00:00Z,41,University of New South Wales
2021-02-07T00:00:00Z,30,University of New South Wales
2021-02-14T00:00:00Z,35,University of New South Wales
2021-02-21T00:00:00Z,43,University of New South Wales
2021-02-28T00:00:00Z,50,University of New South Wales
2021-03-07T00:00:00Z,29,University of New South Wales
2021-03-14T00:00:00Z,33,University of New South Wales
2021-03-21T00:00:00Z,36,University of New South Wales
2021-03-28T00:00:00Z,43,University of New South Wales
2021-04-04T00:00:00Z,34,University of New South Wales
2021-04-11T00:00:00Z,43,University of New South Wales
2021-04-18T00:00:00Z,31,University of New South Wales
2021-04-25T00:00:00Z,34,University of New South Wales
2021-05-02T00:00:00Z,36,University of New South Wales
2021-05-09T00:00:00Z,44,University of New South Wales
2021-05-16T00:00:00Z,45,University of New South Wales
2021-05-23T00:00:00Z,46,University of New South Wales
2021-05-30T00:00:00Z,16,University of New South Wales
2021-06-06T00:00:00Z,52,University of New South Wales
2021-06-13T00:00:00Z,38,University of New South Wales
2021-06-20T00:00:00Z,44,University of New South Wales
2021-06-27T00:00:00Z,51,University of New South Wales
2021-07-04T00:00:00Z,29,University of New South Wales
2021-07-11T00:00:00Z,35,University of New South Wales
2021-07-18T00:00:00Z,38,University of New South Wales
2021-07-25T00:00:00Z,50,University of New South Wales
2021-08-01T00:00:00Z,46,University of New South Wales
2021-08-08T00:00:00Z,37,University of New South Wales
2021-08-15T00:00:00Z,36,University of New South Wales
2021-08-22T00:00:00Z,50,University of New South Wales
2021-08-29T00:00:00Z,30,University of New South Wales
2021-09-05T00:00:00Z,31,University of New South Wales
2021-09-12T00:00:00Z,40,University of New South Wales
2021-09-19T00:00:00Z,50,University of New South Wales
2021-09-26T00:00:00Z,39,University of New South Wales
2021-10-03T00:00:00Z,41,University of New South Wales
2021-10-10T00:00:00Z,43,University of New South Wales
2021-10-17T00:00:00Z,38,University of New South Wales
2021-10-24T00:00:00Z,22,University of New South Wales
2021-10-31T00:00:00Z,45,University of New South Wales
2021-11-07T00:00:00Z,40,University of New South Wales
2021-11-14T00:00:00Z,55,University of New South Wales
2021-11-21T00:00:00Z,44,University of New South Wales
2021-11-28T00:00:00Z,41,University of New South Wales
2021-12-05T00:00:00Z,42,University of New South Wales
2021-12-12T00:00:00Z,40,University of New South Wales
2021-12-19T00:00:00Z,31,University of New South Wales
2021-12-26T00:00:00Z,38,University of New South Wales
2022-01-02T00:00:00Z,50,University of New South Wales
2022-01-09T00:00:00Z,72,University of New South Wales
2022-01-16T00:00:00Z,59,University of New South Wales
2022-01-23T00:00:00Z,70,University of New South Wales
2022-01-30T00:00:00Z,68,University of New South Wales
2022-02-06T00:00:00Z,64,University of New South Wales
2022-02-13T00:00:00Z,83,University of New South Wales
2022-02-20T00:00:00Z,61,University of New South Wales
2022-02-27T00:00:00Z,67,University of New South Wales
2022-03-06T00:00:00Z,57,University of New South Wales
2022-03-13T00:00:00Z,63,University of New South Wales
2022-03-20T00:00:00Z,58,University of New South Wales
2022-03-27T00:00:00Z,58,University of New South Wales
2022-04-03T00:00:00Z,70,University of New South Wales
2022-04-10T00:00:00Z,65,University of New South Wales
2022-04-17T00:00:00Z,57,University of New South Wales
2022-04-24T00:00:00Z,66,University of New South Wales
2022-05-01T00:00:00Z,53,University of New South Wales
2022-05-08T00:00:00Z,65,University of New South Wales
2022-05-15T00:00:00Z,58,University of New South Wales
2022-05-22T00:00:00Z,56,University of New South Wales
2022-05-29T00:00:00Z,56,University of New South Wales
2022-06-05T00:00:00Z,76,University of New South Wales
2022-06-12T00:00:00Z,53,University of New South Wales
2022-06-19T00:00:00Z,56,University of New South Wales
2022-06-26T00:00:00Z,62,University of New South Wales
2022-07-03T00:00:00Z,61,University of New South Wales
2022-07-10T00:00:00Z,59,University of New South Wales
2022-07-17T00:00:00Z,79,University of New South Wales
2022-07-24T00:00:00Z,59,University of New South Wales
2022-07-31T00:00:00Z,49,University of New South Wales
2022-08-07T00:00:00Z,50,University of New South Wales
2022-08-14T00:00:00Z,74,University of New South Wales
2022-08-21T00:00:00Z,80,University of New South Wales
2022-08-28T00:00:00Z,76,University of New South Wales
2022-09-04T00:00:00Z,58,University of New South Wales
2022-09-11T00:00:00Z,74,University of New South Wales
2022-09-18T00:00:00Z,70,University of New South Wales
2022-09-25T00:00:00Z,56,University of New South Wales
2022-10-02T00:00:00Z,56,University of New South Wales
2022-10-09T00:00:00Z,71,University of New South Wales
2022-10-16T00:00:00Z,42,University of New South Wales
2022-10-23T00:00:00Z,55,University of New South Wales
2022-10-30T00:00:00Z,61,University of New South Wales
2022-11-06T00:00:00Z,58,University of New South Wales
2022-11-13T00:00:00Z,79,University of New South Wales
2022-11-20T00:00:00Z,61,University of New South Wales
2022-11-27T00:00:00Z,46,University of New South Wales
2022-12-04T00:00:00Z,64,University of New South Wales
2022-12-11T00:00:00Z,59,University of New South Wales
2022-12-18T00:00:00Z,33,University of New South Wales
2022-12-25T00:00:00Z,38,University of New South Wales
2023-01-01T00:00:00Z,64,University of New South Wales
2023-01-08T00:00:00Z,72,University of New South Wales
2023-01-15T00:00:00Z,48,University of New South Wales
2023-01-22T00:00:00Z,72,University of New South Wales
2023-01-29T00:00:00Z,77,University of New South Wales
2023-02-05T00:00:00Z,72,University of New South Wales
2023-02-12T00:00:00Z,68,University of New South Wales
2023-02-19T00:00:00Z,57,University of New South Wales
2023-02-26T00:00:00Z,74,University of New South Wales
2023-03-05T00:00:00Z,67,University of New South Wales
2023-03-12T00:00:00Z,76,University of New South Wales
2023-03-19T00:00:00Z,72,University of New South Wales
2023-03-26T00:00:00Z,70,University of New South Wales
2023-04-02T00:00:00Z,63,University of New South Wales
2023-04-09T00:00:00Z,70,University of New South Wales
2023-04-16T00:00:00Z,81,University of New South Wales
2023-04-23T00:00:00Z,58,University of New South Wales
2023-04-30T00:00:00Z,64,University of New South Wales
